id,product_id,review1,review2,review3
1,1,"해찬미소 남도식꽃게탕 쟁여템인데, 
이번에 알톡톡 알탕 나와서 바로 구매했어요!

크게 기대 안했는데 알과 곤이 양 엄청나네요. 🤭
손질 된 파와 청양고추까지 있으니 별도 재료 준비 안해도 되서 편리하네요. 육수한알도 2개나 들어 있어서 깊은맛 내기 좋아요.

면기에 두번이나 푸짐하게 먹을 수 있는 양이에요,
연말에 집에서 남편이랑 쏘주🍶와 함께 자주 즐겨 먹을거 같네요.

조금 더 얼큰한게 먹으려면 고춧가루나 청양고추 더 넣고 두부도 넣어 먹음 더 든든할거 같아요. 

* 먹기 한시간 전에 겉포장 뜯고 소포장 상태로 물에 담궈놓으면 금방해동 되니 참고하세요. ","해찬미소 브랜드 상품 대체적으로 만족하며 먹고 있어요
신상으로 알탕이 나왔길래 당연히 먹어봐야지 하고 주문했고,
알만 들어서 그런지 비린내 없이 고소하고 담백하더라구요
알과 곤이가 듬뿍 듬뿍 들어서 좋았고, 2명이서 먹고도 남았어요
양도 정말 푸짐하고 가성비가 좋더라구요~
레시피는 있는 그대로 물 양만 맞추고 다 넣고 끊이기만 하면 끝!!
조리 또한 너무 간단하고 갑자기 추워진 날씨에 딱이에요~","알 고니 정말 싱싱하고 많이 들어있어요
무랑 두부 추가해서 먹었는데 국물 진짜 시원하고
맛있어요
또 주문할께요"
2,2,"[고래사 프리미엄 어묵탕]

추운날엔 역시 따끈한 국물이 최고예요

개인적으로 제일 좋아하는 어묵 브랜드가
고래사 어묵이라 할인딜 보고 고민없이 구매했어요
밀키트라기 보단 밀프렙에 가까운 제품이네요
물만 붓고 동봉된 스프 넣어 끓여주면 돼서 세상 편해요

포장도 심플한 편이라 여행이나 캠핑용으로도 좋아보여요
내용물은 쯔유가 두개, 채소 건더기 후레이크 한개,
진공 밀봉포장된 꽤 여러종류의 어묵 한 팩이 들어있어요^^

오늘은 그냥 기본으로 끓여봤는데
간도 적당히 맛있고 어묵이 탱글 야들한게
역시 고래사...이름값 하는구나... 싶더라구요
여러가지 어묵을 종류별로 맛 볼 수 있어서 좋았어요

좀 얼큰한 걸 좋아하는편이라
다음엔 무 한조각이랑 청양고추 넣고 끓여보려구요

아쉬운 점은, 심플한 포장은 좋았는데
트레이도 커버와 같은 재질의 종이였으면
더 좋았겠다 싶어요^^

요리 떵손도 금손으로 만들어주는 고래사 어묵탕!!
재구매 의사 있고, 고민하시는 분들께 추천합니다","귀여운 디자인의 패키지안에 어묵국물용 두봉지,건더기스프 한봉,밀봉된 어묵파우치가 들었어요.
2번에 나누어 1인용으로 끓여 먹었는데 양 적당합니다!
한번은 우동사리 넣고 나머지는 물떡 느낌나게
통가래떡과 비비고 진한고기만두를 두알 넣어 든든히 먹었어요. 동봉되어있는 육수는 적당히 간간해서 잡짤하게 먹고 싶은 날에 새우소금을 첨가해 따뜻한 정종과 함께 가을 오뎅바 스타일로 제대로 즐길 수 있었어요. 고래사 어묵음 탱글탱글하기가 1등이라 끓여두고 좀 지나 먹어도 불어서 녹아내리지 않고 여전히 미끌하게 씹히며 탱글해요!
막 추워지는 요즘~ 오뎅탕 생각날때 구비해두고 편하게 끟여먹기 딱좋을듯요. 무나 대파를 넣어도 좋겠어요!","오늘도 컬리💗
컬리에서는 늘 리뷰확인하고 사는편이에요! 날씨도 쌀쌀해지도 뜨끈한 국물이 땡기는데, 구매후기가 너무 좋아서 믿고 구매했어요 : )
쯔유소스가 2개 들어있는데 술안주로
딱이었어요! 집에 있는 대파 흰부분 잘라서 넣고, 팔팔 끓이니 너무 맛있었어요^^ 고래사 어묵 유명한데, 역시 통통하니 너무 맛있는거 있죠?


어묵양이 적은줄알고 쯔유소스를 2봉 다 넣었는데 마지막에 어묵양이 많아서 반만 넣었답니다ㅎㅎㅎ 나머지 반은 다음에 또 먹어야겠어요!

가성비도 너무 좋고, 대파 흰부분이랑 청양고추 넣으니 칼칼하니 시원해서 맛있었어요!

재구매 들어갑니다아💗"
3,3,"컬리 들어왔다가 신상으로 뜬 거 보자마자 바로 주문했어요! 예전에 포노 부오노 화덕브레드랑 알리오 올리오 파스타를 너무 맛있게 먹었던 기억이 있어서, 이번 까르보나라도 망설임 없이 담았어요.

마침 주말 저녁에 꾸덕한 파스타가 당겼는데 타이밍이 딱이었어요. 배달 시켜 먹긴 애매하고 나가긴 귀찮았는데 덕분에 집에 있는 와인과 함께 근사한 연휴 끝에 아늑한 주말 저녁을 보냈네요 ㅎㅎ.

다른 무엇보다도 조리가 정말 간편해요. 소스는 봉지째로 끓는 물에 데우고, 생면은 3~4분 정도만 삶으면 되더라고요. 저는 베이컨을 좀 더 바삭하게 먹고 싶어서 팬에 따로 볶아줬는데, 고소한 냄새가 진동을 해서 요리하는 내내 군침이 돌았어요. 베이컨 양도 생각보다 넉넉해서 좋았어요.

다 볶아진 베이컨에 삶은 면, 데운 소스를 넣고 섞어주기만 하면 끝! 하... 근데 소스가 정말 찐이에요. 계란 노른자의 고소하고 녹진한 맛이 확 느껴지면서 후추가 콕콕 박혀있어서 느끼함을 딱 잡아줘요. 그냥 크림만 넣은 까르보나라랑은 차원이 다른 맛이에요. 리뷰 보니까 후추 때문에 호불호가 있다고 하던데 저는 극호에요. 후추를 더 뿌려 먹기까지 했어요.

면도 넓적한 페투치네 생면이라 쫄깃쫄깃하고, 꾸덕한 소스가 면에 착 감겨서 마지막까지 맛있게 먹었어요. 솔직히 어설픈 파스타집 가는 것보다 훨씬 만족스러웠어요. 그릇에 예쁘게 담아내니 집인데도 레스토랑 온 것 같고 기분 전환도 되더라고요.

갑자기 파스타 생각날 때, 귀찮은데 맛있는 거 먹고 싶을 때를 대비해서 냉동실에 몇 개 쟁여두면 정말 든든할 것 같아요. 저는 다음 컬리 주문 때 무조건 재구매할 생각입니다!","포노 부오노 히든천재의 까르보나라 💛

꾸덕꾸덕한 크림 소스에 달걀노른자의 고소한 맛,
거기에 마늘과 후추로 살짝 매콤한 감칠맛까지!
느끼하지 않을까 생각했는데 크림과 달걀의 조화가 적절했고, 매콤한 맛을 좋아하시는 분은 고추나 페퍼론치노 조금 넣어서 만들어도 좋을 것 같아요 :)
한입 먹자마자 이건 잘 만든 밀키트라는 생각이 들었어요!
탱글한 생면 식감 페투치네면에 소스가 넉넉히 믇어나서 좋았고, 두툼한 베이컨은 씹을 때마다 고소함 폭발💫
집에서 10분 만에 만든 게 믿기지 않는 맛이에요
키트 구성도, 맛도 훌륭해요 히든천재님의 레시피가 궁금하다면 한 번쯤 사먹어볼만합니다!

혼자 먹기에도 딱 좋고,
누구한테 만들어줘도 “요리 잘한다” 소리 나올 것 같아요🙈","포노 부오노 화덕브레드로 샌드위치를 만들어봤어요.
빵은 겉은 바삭하고 속은 쫄깃해서 그냥 먹어도 맛있지만, 이번엔 조금 특별하게 조합해봤습니다.

안에는 홀그레인 머스타드를 바르고 부라타 치즈를 듬뿍 올린 뒤, 달달한 무화과와 신선한 루꼴라, 그리고 짭짤한 풍미가 좋은 더 샤퀴테리아 코파 햄을 넣었어요. 한입 베어물면 치즈의 고소함, 무화과의 달콤함, 햄의 감칠맛이 잘 어울려서 와인이나 샐러드랑 곁들이기에도 좋더라고요.

활용도가 좋아서 브런치로도, 간단한 안주로도 괜찮을 것 같아요. 재구매해서 다른 조합으로도 해먹어보려 합니다.

포노 부오노 화덕브레드로 무화과 부라타 루꼴라 샌드위치를 만들어봤어요😙

에프굽 살짝 하고 홀그레인 머스타드에 부라타 치즈찢어서 올려줬어요. 그 위에 제철 무화과랑 쌉싸름한 루꼴라, 깊은 풍미가 매력적인 더 샤퀴테리아 코파 햄까지 올려주었어요

빵 자체에 그라나파다노 치즈가 있어서 고소하고 적당히 짭잘해서 그냥 먹어도 맛있는데 부라타 치즈의 크리미함, 무화과의 달콤함, 코파 햄의 짭조름한 풍미, 루꼴라의 상쾌함이 더해져서 진짜ㅎㅎㅎㅎ 유명 브런치집 부럽지 않았어요🤤 입안에서 완벽하게 어울려요🧡 부드러운거 좋아하는 남편도 좋아하고 진짜 집에서 이런 맛을 낼 수 있다는 게 놀라울 정도랍니다.

재구매 했고 냉동실에 쟁여두고 다음번엔 토마토 소스 활용해서 먹어볼 예정이에요. 강력 추천합니다 🙌"
4,4,"가수 성시경이 극찬한 레시피라고 해서 김진순여사님 레시피로 요리했어요~ 
결과는 남편이 너무 맛있다며 쌍따봉을 날려주네요^^
레시피를 같이 볼까요?
감자를 10분 정도 소금물에 담궈서 두었다가 헹구고 깍뚝썰기를 해주세요~
당근과 양파는 감자보다 조금 작게 잘라주세요~
그리고 중요한 쇠고기! 안심 등심 둘다 넣었는데 너무 맛나요!

소스 소개할께요~
고기500그램 기준~
진간장9숟가락, 맛술9숟가락, 설탕2숟가락 넣고 섞어주세요

소스의 절반은 고기에 부어서 재워두시고
기름 1/2컵 넣고 감자를 튀기듯 볶아주세요
감자가 노릇노릇 갈색빛을 띄면 남은 야채도 3분간 볶아주세요
이제 고기를 넣고 3분 더 볶아주세요~
고기가 익으면 물 150ml와 소스 남은 거 넣어주세요
물이 살짝 끓으면 불을 약하게 하고 뚜껑덮고 20분 졸여주세요
어느정도 되면 마지막에 버터 한수가락 킥으로 넣고 섞어주면 얼마나 맛있게요~~
스테이크인가 갈비찜인가 하면서 입안가득 풍미가 올라와요~
도전 고고!","집에 무쇠주물 있으면 무조건 주기적으로 해먹어야 하는 필수메뉴🩵 스테이크솥밥 🩵 해먹었는데 고기가 질기지도 않고 너무 맛있어요! 3인 가족 기준 2팩(500g) 구우니 딱 적당했습니당:)

아래는 레시피에요! 

•	재료 (2~3인분 기준)
•	쌀 300ml, 물 300ml, 채끝or 원하는 부위 스테이크 300g
•	버터, 쯔유, 쪽파 반단, 뿌리다시마 2장

•	솥밥 지을 때 팁
•	솥밥육수는 야채육수, 멸치육수, 가쓰오육수를 사용하면 감칠맛이 더 깊어져요.
•	쌀은 꼭 씻고서 물을 뺀 상태에서 불리기✨
이유는 물에 넣고 불리면 쌀알이 뭉개지거나 밥을 지을때 물조절이 까다롭기 때문에.
•	쌀 1 : 물 1 비율이 솥밥의 기본.
•	같은 레시피로 전기밥솥을 사용해서도 맛있는 솥밥을 만들 수 있어요!","우선 멤버스 특가가 올라와서 저렴하게 구입하게 되었어요. 모든 신선 식품이 그렇듯 먹어보지 않고는 함부러 판단 할 수 없는 법!!!

저는 다이어트 중인데 주말에는 기름지지만 맛있는
소고기가 한 번씩 먹고 싶을 때가 있어요

특별한 마리네이드 필요하지 않고 후라이팬에 고기 올리고 소금 후추 톡톡 하고 센불에 굽다 겉면이 익으면 가위로 한입 크기로 자르고 약불로 줄여 취향껏 익혀 주면 되요

저는 웰던 소고기를 좋아해서 조금 더 익혀 주었어요
한 점 먹으면 육집 가득 도톰하고 크리미한 소고기 맛이나고 잡내도 안나요.

한우 등급이 높아야 맛있다는 선입견이 사라진 고기
재주문 의사 있고 추천합니다.👌🏻"
5,5,"✔️장점 
곰탕 하나에 이 정도 퀄리티는 솔직히 감탄 나와요. 국물은 뽀얗고 맑은데 깊이감이 진짜 어마어마해요. 자극적이지 않고 고소하고 진한 맛이 입안에 감돌아서, 한 그릇 다 먹고 나면 속이 확 풀려요. 고기는 양도 넉넉하고 질감도 너무 좋아요—퍽퍽하지 않고 쫀쫀하게 잘 삶아져서 씹을수록 감칠맛이 나요. 시중 곰탕 중에 단연 톱! 특히 냉동 제품 특유의 냄새나 이질감 전혀 없이, 진짜 정성 들여 끓인 집밥 느낌 그대로예요.

✔️단점 
간이 거의 안 되어 있어서 입맛에 따라 좀 심심하게 느껴질 수 있어요. 하지만 이건 오히려 강점이에요—어린아이부터 어르신까지 입맛대로 조절 가능하니까요. 기본 간은 집에 있는 소금, 국간장, 다진 파 살짝만 더해줘도 완벽하게 맞춰져요. 별도 반찬 없어도 밥만 있으면 한 끼 뚝딱입니다.

✔️활용법 
곰탕은 그냥 먹어도 훌륭하지만, 고기를 참소스+청양고추 다진 소스에 찍어 먹으면 풍미가 폭발해요. 고기의 고소한 맛과 소스의 알싸함이 찰떡처럼 어울려서, 고기만 따로 리필하고 싶을 정도였어요. 국물에는 대파 송송 + 후추 살짝 추가해서 드시면 더 깊은 맛이 나고요, 잡채나 나물 반찬 곁들이면 집밥 한 상차림 완성!
또 칼국수 면이나 떡국떡 넣어서 끓이면 곰국수처럼 변신 가능하고, 고기 따로 건져서 라이스페이퍼에 싸먹으면 곰탕쌈도 별미예요. 저는 냉동실에 기본 3팩 쟁여두고 아침·점심·해장용으로 다양하게 활용하고 있어요. 진짜 인생 곰탕입니다.","해운대 거대곰탕이 엄청 맛있다고 소문이 났는데,
마켓컬리에서도 거대곰탕을 판매해서 맛이 궁금해서 구입해봤습니다. 
마켓컬리 빠른배송 아주 마음에 들어요.
주문 후 바로 다음날 새벽에 배송 도착했어요.

거대곰탕은 도착하자마자 냉동실에 얼려뒀어요.
냉동보관 식품이라서 그런지 유통기한이 1년정도로 길어서 냉동실에 넣어놓고 두고두고 먹기 괜찮네요.

거대곰탕은 조리방법이 아주 간단했어요.
먹기 하루전에 미리 냉동실에 있는 거대곰탕을 꺼내서 냉장고로 옮겨서 해동해줍니다.

그리고 냄비에 곰탕을 넣고 끓여줍니다.
곰탕이 팔팔 끓으면 그릇에 덜어주면 됩니다.

저희 부부는 평소에 엄청 많이 먹는 편은 아닌데,
저희 부부 기준으로 곰탕 하나로 2인 나눠서 먹기 양 괜찮았어요.

거대곰탕이 확실히 다른 곰탕에 비해 국물이 아주 진하네요. 기름기도 덜한거 같더라고요.
고기도 큼직하게 듬뿍 들어있는데 질기지 않고 부드럽고 맛있었어요.
곰탕 간은 되어 있는 편이라 별도로 간을 하지 않고 먹기 좋았답니다. 국물이 진하고 정말 맛있었어요. 밥 말아먹거나 떡국떡 넣고 끓여서 먹으면 더욱 맛있을듯 해요. 해운대 거대곰탕 식당에서 먹으려면 가격이 비싼데 마켓컬리에서 할인할때 구입해서 먹으면 가격 부담도 덜하고 좋네요. 맛있어서 다음에 또 구입해서 먹고 싶습니다. ","🏡 리뷰
아이 키우면서 남편까지 챙기다 보니, 하루가 정말 정신없이 흘러가요.
그래서 요리까지 손이 많이 가는 메뉴는 엄두가 안 나는데요.
마켓컬리에서 거대곰탕을 발견한 순간, ""이거다!"" 싶었어요.

집에서 곰탕을 끓이려면 시간이 오래 걸리고 준비할 것도 많잖아요?
그런데 이 제품은 끓이기만 하면 완성되는 간편함 덕분에, 
정말 부담 없이 즐길 수 있었어요!

국물은 진하고 고소하면서도 깔끔해서, 아이들부터 남편까지 모두 맛있게 먹었답니다.
아이는 밥을 말아서 먹었고, 남편은 당면을 넣어 든든하게 한 그릇을 비웠어요.
저는 떡국떡을 추가해서 먹었는데, 국물과 너무 잘 어울려서 금세 한 그릇을 뚝딱 했습니다.

특히 바쁠 때는 별다른 재료 없이도 기본 국물만으로 충분히 맛있어서 정말 편리해요.
다 먹고 난 뒤, 남편이 ""이 곰탕 어디서 샀어? ""라고 할 정도였답니다. 😊

❤️ 제품 장점
간단하게 끓이기만 하면 돼서, 요리에 시간을 많이 들일 필요가 없어요.
밥, 떡국떡, 당면 등 어떤 재료와도 잘 어울려 가족 모두가 만족할 수 있어요.

💡 꿀팁
파와 후추를 살짝 더하면 한층 더 깊은 맛을 즐길 수 있어요.
칼국수 면을 넣으면 외식 같은 느낌으로 든든하게 먹을 수 있답니다.

✅ 추천 이유
마켓컬리 덕분에 바쁜 일상 속에서도 
정성 가득한 곰탕 한 그릇을 가족과 함께 즐길 수 있었어요.
곰탕은 손이 많이 가서 자주 못 해 먹었는데, 
이제는 냉동실에 거대곰탕을 쟁여 두고 언제든 간편하게 즐기려고요!
아이 키우는 엄마, 또는 바쁜 직장인분들께 강력 추천합니다.
마켓컬리, 정말 최고예요! 👍"
6,6,"와.. 진짜 말도 안되는 조합 아닌가요..?🤦🏻‍♀️💕
주말 점심에는 꼭 따뜻한 커피랑 빵을 먹어야하는 빵순이라
뭐 먹을지 한참 고민하다가, 믿고 먹는 베키아에누보 신상품이라 호기심으로 주문했는데..진짜 너무 만족하며 먹었어서, 감동 포인트들을 적어보려 합니다..❤️

1. 🌿일단 바질페스토보다 조금 더 은은하게 맛과 향을 내는 루꼴라 페스토의 존재감이 너무 좋았습니다. 바질페스토를 평소에 즐겨먹지 않는 제 동생도 요거는 환장하며 먹더라구요 ㅎㅎ
2. 🍖햄!! 이전에 베키아에누보 바질 토마토 맛 먹을 때, 살짝 구운 햄을 얹어서 진짜 맛있게 먹었었거든요! 근데 햄이 포함되어있으니 너무 간편했고, 심지어 전체적인 맛의 밸런스에 너무 잘 어울리는 햄이어서 만족스럽게 먹었습니다!
3. 🧀사진으로도 찍은 것처럼, 흘러 넘치는 치즈를 보며 감탄했습니다..👏🏻 치즈가 많으니 맛있을 수 밖에 없죠✨
4. 🏺발사믹.. 진짜 누구 아이디어이신가요..? ㅠㅠ 빵 먹을 때 올리브유, 버터, 발사믹은 필수로 곁들여 먹는데, 이 샌드위치에는 발사믹이 기본으로 사용되다보니 발사믹 특유의 산뜻한 풍미가 너무너무너무너무!!!!!! 잘 어울리고 고급져요ㅠㅠ

냉동 샌드위치는 빵도 내용물도 부실할 거라고 생각했던 과거의 저를 반성하게 하는 베키아에누보에요😭 진짜 너무너무 맛있었습니다!! 빵도 따로 파는 것 같은데, 정말 빵만 따로 팔만큼 빵의 퀄리티가 좋고 안에 내용물도 실하니까 쟁여두지 않을 이유가 전혀 없네요..🫶🏻🫧

앞으로 이 샌드위치, 제 주말 점심에 많이 마주칠 것 같아요😌🙌🏻 정말 200% 추천입니다~!!",여기 브랜드 샌드위치 원래도 좋아하는데 처음 보는 맛이 나왔길래 바로 사봤어용 일단 선드라이토마토가 중간에 느끼한맛 싹 잡아주고 치즈도 질긴 싸구려맛이 아니라 진짜 맛있는 모짜렐라치즈에요 ㅠㅠ 다른 샌드위치들은 뭐 좀 더 추가해야 먹을만한데 이건 이 자체로도 너무 알찹니다 믿고 먹는 베키아에누보 샌드위치에용 ❤️‍🔥,"베키아누보 샌드위치는 항상 쟁여두고 먹고 있어요
루꼴라 햄치즈 신상나와서 바로 주문해봤는데
역시나!!!!!제일 취저입니다.
루꼴라향도 적당히 나고 햄도 충분히 들어있고 맛있어요
베키아누보 샌드위치 쟁여두면 주말 카페 가서 브런치할 이유 없니 집에서 맛있는 가성비 브런치 완성이요♡"
7,7,"사두면 마음 든든해지는 아이템 중 하나예요!
버섯이랑 냉장고 속 남은 채소 넣어
휘뚜루마뚜루 볶아서 반찬으로 먹어도 되고
아이 줄 때엔 고기는 조금 작게 썰어 두고
양파 대파 작게 썰어 넣고 
굴소스 넣어서 덮밥처럼 해주면 엄지척 날아옵니다!

고추기름에다 새우랑 우동사리, 샤브샤브고기넣어 볶으면 
근사한 볶음우동 완성 되구요. 

좀 차려먹고 싶다 하는 날에는
컬리에서 파는 하남쭈꾸미 녹여서
우동이랑 콩나물 가지런이 세팅하면
식당 못지않은 비주얼 나와요!

다이어트중일 때엔
찜기에 알배추랑 청경채 숙주 올리고
샤브샤브고기 가득 올려 쪄주면
맛있는 건강식으로 한끼 먹을 수 있습니다!

아무렇게나 요리 해도 맛있게 먹을 수 있는 만능템이예요!","다이어트겸
야채랑 같이 쪄먹으려고 구매했어요!
샤브샤브를 워낙 좋아하는데 국물이랑 먹어도 좋지만
쪄먹어도 좋겠더라구요~~
고기상태도 좋고 할인받아서 합리적인 가격에 구매했어요.
한번 먹고나서 두봉지로 소분해놓고 먹습니다.
너무 좋아요. 야채만 먹기엔 잘안들어가는데
고기와 함께 먹으니 건강식으로 딱입니다!!
매번 사서 쟁여놓고 먹어야겠어요.
냉동보관이다보니 오래먹을 수 있는것도 장점입니다.
다음번엔 샤브샤브로 해먹어야겠어요.
쌀국수 끓여서 양지대신 올려먹기도 좋고,
무엇보다 고기의 질이 좋다는 점이에요.
우리 모두 건강하고 맛있게 먹자구요!","샤브샤브 해먹을려고 구매했는데~
시간이 없어서
그냥 찜기에  넣고 전자렌지 5분
 돌려서 먹었어요 ^^
1.고기위에 후추랑 소금간 약간 하고
밑에 여러가지 야채 넣고 5분 
전자렌지 돌렸어요
채수가 적당히 나와서 촉촉한 고기가
너무 맛있어요 칠리소스 찍어먹으니
더  맛있어요^^
기름기 많이 없어서 좋습니다

양도 생각보다 많아서 전자렌지 돌리고
남은건 숙주랑 남은야채들이랑 볶음했어요

2.고기에 후추 뿌리고 볶다가 굴소스랑 설탕,다진마늘,고추씨 넣고 나머지 야채넣고 볶음 끝이예요  

10분안에 두가지 해서 흡입했어요 
고기 냄새도 안나고 좋네요

냉동실에 쟁여놓음 급할때 유용할것 같아요^^


"
8,8,"맛있게 잘 먹었습니다 
날씨가 더워서 집에서 요리 하는게 너무 힘들었어요.
육개장을 좋아하는데 만들자니 너무 힘들고
사 먹자니 맛이 없을까봐 걱정되고..
밀키트라 짜고 맵고해서 건강에 안 좋을까 걱정도 되고..
망설이다가 컬리를 믿고 주문했어요.
저는 음식을 싱겁게 먹는 편이라서, 파와 버섯을 추가 해서 조리를 했더니 아주 맛있고 건강에도 좋은 고급스러운 육개장이 되어서 둘이서 한끼 잘 먹었습니다.
특히 고기가 많이 들어 있고 국물이 진해서 양을 늘여도 맛에 전혀 문제가 없고, 둘이서 먹어도 충분한 양이어서 너~~무 좋아요.

<더 맛있게 먹는 나만의 방법>
1.냄비에 육개장 국물만 붓고.  물 1컵을 더 붓고 파를 썰어서 넣고. 푹 익을때까지 20분 끓입니다. 끓으면 불 낮춰주세요
(혹시 집에 마른고사리 있으면 그냥 넣어서(마른거 그냥 넣어도 잘 불어요.) 
같이 끓이면 더 깊은 육개장 맛이 나는데 없으시면 빼셔도 괜찮아요.)
2.파가 다 익으면 남은 육개장 건더기도 넣고 표고버섯, 느타리 버섯 있으시면 넣으시면 훨씬 맛있어요. 마늘도 조금.

맛있어서 다시 주문할려구요.^^","요즘 마켓 컬리에 빠져서 궁금한 음식들을 하나씩 사고 있어요 'ᴗ'
이번에 제 장바구니에 들어온 홍익 궁중 전통육개장. ᐟ. ᐟ

냉동실 보관 후 갑자기 먹고 싶어서 별도의 해동 없이 바로 냄비에 넣고 끓였어요
해동을 따로 안 해 조금 걱정이 되었지만 맛이 변하거나 그러진 않았어요
저처럼 갑자기 드시는 분들은 바로 끓이셔도 괜찮을 거 같습니다

고추기름도 가득하고 고기가 진~짜 많이 들어있어 놀랬어요
큼지막한 대파도 들어가 있고 맛도 은근 묵직, 찐한 게 제가 만든 거보다 맛있어요

2인분 양이긴 하지만 이것만 먹기에는 양이 적은 느낌이 살짝 있어 반찬들도 곁들어서 드시면 든든한 식사가 될 거 같아요
혼자시라면 두 끼 해결하기 딱입니다

저는 건더기도 건더기지만 국물 파인데 국물도 넉넉하고 건더기도 많아서 좋았어요
2번째 사진처럼 국물에 밥 말아 먹는 걸 좋아해서 국물이 좀 많아 보일 수 있지만 3번째 사진처럼 건더기는 실하게 들어있습니다

밥하기 귀찮아서 배달음식이나 시켜 먹을까 했는데 밀키트 덕분에 오늘도 건강하게 한 끼 했습니다 ❥

맛있고 재료도 푸짐하게 들어있고 가격도 할인하실 때 구매하시면 저렴하게 구매하실 수 있어서 왕 강추 드려요. ᐟ. ᐟ","할인할때 기대없이샀다가 
신랑이랑 저랑 와 진짜 맛있는데? 한이후로
냉동실에 없으면 꼭 하나씩은 구매해두는 필수템이에요!!

2인양이라지만 한끼에 많이먹는 남성분이면 1.5인정도로
봐야할것 같아요
저희집은 신랑이나 저나 국물에 말아 둘이 먹기에 양이 딱 좋아요

보통 냉동식품이라고 하면 건더기도 얼마없고 
국물이 대부분이지~ 생각하는데 요건 의외입니다
고기기랑 파랑 건더기가 꽤나 두둑합니다
먹기전 찍어보려다 신랑이 후루룩 먹어버리는 바람에 사진은 저렇지만
진짜 컬리제품중에 지인에게 추천하는 제품중 하나에요
그만큼 맛은 보장입니다 ㅎㅎ

입맛없을때 밥하기 귀찮을때 먹을만한 냉동실 쟁여템 찾으신다면
홍익 육개장해보세요❤️"
9,9,"✨ 1+ 한우 국거리로 만든 미역국 레시피 ✨

요리 시작 전 재료 준비와 미역을 불려주세요 !
재료 준비- 미역, 컬리 국거리용 고기, 다진 마늘, 국간장 1.5스푼, 멸치액젓 0.5스푼, 참기름

첫 번째로 할 일은 키친 타올로 국거리용 고기 핏기 제거하기

1. 팬에 올리브유 1.5스푼을 두르고 고기를 볶아주세요. 이때 소량의 참기름과 함께 볶아주시면 고소한 맛과 감칠맛 상승 !
2. 고기가 절반가량 무르 익었을 때 다진마늘 2스푼을 넣어 함께 볶아주시면 마늘의 알싸함이 고기에 버무려져 국물이 더 맛있더라고요~^^
3. 고기가 다 익어갈 때즈음 불린 미역을 넣고 함께 볶아줍니다. 3-4분 정도 볶아주시면 됩니다
4. 미역을 볶을 때 국간장 1스푼 투하~!하여 함께 볶아주세요. 🌟별미 특🌟 국이 아닌 미역 볶으실 때 넣으시면 조금 다른 미역국의 맛을 보실 수 있으실 거예요.
5. 정수물 사용할 시 저는 코인육수의 힘을 빌렸었고 이번엠 쌀뜨물로 만들어 보았습니다.
쌀뜨물을 넣으시면 조금 더 깔끔한 맛
정수물 + 코인육수 사용하신다면 깊고 진한 풍미있는 맛
6. 5-6분 정도 중블로 끓여주세요. 이때는 간을 봐야하기에 남은 국간장 0.5스푼 또는 멸치액젓 0.5 스푼을 사용하시면 됩니다.

완성 !!!!!  정말 맛좋은 미역국 완성 😀","소고기뭇국 해먹어보았어요.
레시피를 보고 1)컬리 무! + 컬리 국거리용 한우!에 참기름 1.5스푼+멸치액젓 2스푼+다진마늘 2스푼 함께 버무려 줍니다.
2) 참기름과 액젓, 다진마늘에 버무려진 고기와 무를 약한 불로 살짝 익을 정도로 볶아줍니다. 약 3-4분.
3) 7-800ml육수 넣어주시는데 다시마 불린 물보다 코인육수를 추천해요. 깔끔한 맛을 낼 수 있어요.
4) 국간장 1.5스푼과 멸치액젓 1스푼을 넣고 중불로 7-8분 끓여주세요. 국간장 생략해도 좋아요.<- 너무 많이 사용하면 뭇국 색이 진해집니다. 맑은 뭇국이 될 수 없어요.
5) 7-8분 끓인 후 쫑쫑 썬 파를 넣어주세요. 후에 간은 소량의 소금 또는 액젓을 사용해 주시면 됩니다. 취향에 따라 저는 마지막에 후추를 조금 넣었습니다.

무의 얼큰한 향과 맑고 짭쪼름한 소고기뭇국 완성!!
고기 양도 많고 컨디션도 너무 좋네요~^^","우연히 컬리 장보러 들가니깐 한우 폭탄 세일중~~~~~ 
ㅜㅜ 맛난 구이류는 이미 품절 ㅠㅠ 
샤브용과 국거리는 구매 가능이길래 이거라도 하는 생각에 라이브 끝나기전 잽싸게 구매완료 하였습니다! 
국거리는 언제 구비해둬도 늘 이용가능 하니깐요 ㅎ 
아침에 미역국 먹여 보낼라구 저녁에 미리 끓여줍니다! 
미리 냉장 해동해둔 국거리 꺼내고 근래
토란 매력에 빠져서 토란도 냉장해동 해둔뒤 
가장 쉬운 미역국을 끓여봅니다 ㅎㅎ 
참기름에 소고기 달달 볶다 미역넣구 물넣고 토란넣고 마늘 추가~ 이렇게 한소끔 끓이다 국간장으로 마무리~! 
전날 끓여놓은 미역국 뒷날 먹으면 더 맛있던데 제입에만 그럴까요!? ㅋㅋ 무튼 고기가 완젼 실하고 부들불
거려서 미역국이 술술 잘 먹어집니다 *^^*"
10,10,"꽃게탕이 먹고 싶은데 시간은 부족하고 꽃게손질 등 귀찮은 건 싫을 경우 최적의 밀키트입니다.  재료가 모두 손질되어 있어서 라면 만들기만큼 매우 간편한 요리입니다.  흐르는 물에 간단히 씻고 물 넣어 끓이면 끝~
기본 재료에 콩나물, 다진 마늘, 양파, 두부, 된장 추가해서 만들었더니 꽤 푸짐한 꽃게탕이 되었어요. 
명절에 기름진 음식 많이 먹어서 느끼했는데 연휴 아침에 간단히 만들고 해장하듯 먹었더니 좋았어요. 꽃게 좋아하시는 분은 저처럼 컬리의 손질꽃게 추가하셔서 같이 넣어 먹어도 좋아요. 외식보다 훨 저렴하지만 충분히 맛있었어요. 다음에도 꽃게탕이 생각나면 추가 구매할 것 같아요. ","꽃게 된장찌개가 먹고 싶었는데 마침 컬리 인기 메뉴인 해찬 미소 남도 꽃게 된장찌개를 발견했어요. 손질된 꽃게와 코인 육수, 소분한 양파, 대파, 청양고추, 다진 마늘이 동봉되어 있어 끓이기만 하면 돼서 간편하게 꽃게 된장찌개 끓여 먹었어요~ 된장 소스가 맛있네요. 꽃게를 듬뿍 넣고 끓이니 시원 칼칼한 맛이라 밥도둑입니다. 꽃게 살도 실하고요. 재료가 전체적으로 싱싱합니다

캠핑장에서 라면 넣고 끓여 먹어도 참 맛있겠다는 생각이 들었어요. 가격 대비 구성이 알차네요. 2인 가족이 먹기 좋은 양입니다. 설명서에 따라 20분 정도 끓이기만 하면 돼서 구수하고 시원한 꽃게 된장찌개가 먹고 싶을 때 한 번씩 시켜 먹을 것 같아요","해찬미소 남도식 된장 꽃게탕🦀

꽃게탕 좋아하는 울 아들 위해 주문해봤어요^^
꽃게를 사서 정통으로 다 꽃게탕을 하나부터 열까지 끓이기는 자신이 없었는데..
요거 해찬미소 남도식 된장 꽃게탕 밀키트면
완전 금손 엄마 가능이더라구요?!?ㅋㅋ

꽃게탕 만드는데 필요한 재료는
다 들어가있어요.

물 끓이고 동봉된 꽃게와 코인육수 넣어
센불에 팔팔 끓여내고

된장소스와 파마늘 넣어 중불에 8분정도 더 끓여내면
맛있는 꽃게탕 완성🦀

우리 아들 신나서 살 쏙쏙 발라 잘 먹었어요~!
캠핑요리로도 완벽합니다ㅎㅎ

컬리에서 고기와 채소 그리고 요 꽃게탕 주문해서
캠핑했는데
정말 완벽했어요^0^

그리고 핵 꿀 팁!!!
요 해찬미소 남도식 된장 꽃게탕 한국자
컵라면에 넣어주면
진짜 환상적입니다..
미쳤어요^^
꼭 한 번 드셔보세요☺️🤍"
11,11,"네네 몇 일 전에 후기 쓴 사람인데 맛있어서 또 샀어요. 밀가루  적게 먹기 하는 중인데 이건 ㅜㅜ 못 참아요… 그래도 당분간은 좀 참도록 해보려구요 글애도..그치만…기치만 이번만은 후기를 쓰려구요 
1. 맛있어요. 콤콤한 김치냄새 정말 중독적이에요. 저는 원래 액젓도 좋아하는 편이라 액젓 매니아님들 추천입니다.
2. 우동 쫄깃하고 오뎅 양이 엄청 많아요. 그래도 혼자서 다 먹을 수는 있는 양이고 고래사 어묵은 다들 아시잖아요. 담백해서 질리지 않아요. 자극적인 김치국과는 대조적이라 균형을 잡아줘요.
3. 모든 양념은 다 넣어서 정량대로 조리하세요. 이유는 제 다른 후기에 썼듯이 건강하게 먹겠답시고 양념을 과감하게 생략했다가 아쉬운 우동을 먹었기때문입니다.
4. 찬 바람 불 때 꼭 드세요. 진짜 국물 너무 맛있어요. 우동 먹고 남은 국물에는 밥도 꼭 말아먹어요. 국물러버들에게 강추!!","김밥이랑 같이 먹을라고 어묵탕 보고 있었어요
어묵을 개인적으로 좋아해서 정말 고민 엄청 많이 했어요 ㅋㅋ

그중 김치를 좋아하는 저한테 딱인 김치 우동 전골이 있길래 냉큼 주문했습니다. ᐟ. ᐟ
(김치+어묵+우동 들어가 있는 거에요)
뭐 고래가 믿고 먹는 제품이기도 하고요 'ᴗ'

냉동제품이라 오자마자 냉동 보관해 줬고요
시간 오래 걸리는 해동 작업없이 김치만 찬물에 담가놓으면 되서 간편했어요
끓는 물에 김치, 어묵 넣고 마지막으로 우동, 파 넣으면 완성 ❥

둘이서 먹기 좋다는 말이 있어서 하나만 주문했는데 어묵 양이 적은 거 같아 슈퍼에서 오뎅, 우동면 추가로 구매해 더 넣어줬어요
(3번째 사진이 기본으로 들어있는 어묵양이에요)
남더라도 푸짐하게 먹는 걸 좋아하거든요 . ᐟ. ᐟ
그만큼 물을 더 넣어서 시판용 오뎅가루?를 좀 더 넣은 거 말고는 간을 따로 안봤는데 진짜 맛있었어요 ദ്ദി
같이 들어있는 김치도 맛있고 어묵, 우동 다 완전 제 스타일><

밥 먹으려했다가 소주를 까버렸지만 동거인도 저도 너무 맛있게 잘 먹어서 완전 재구매의사 무조건 있는 제품이에요 . ᐟ. ᐟ

김치, 어묵, 우동 좋아하시면 꼭 드셔보세요 ","# 고래사 어묵 김치우동 전골~♡

제가 면은 거의 라면만 먹는데 오~
이건 재구매각이네요!!!

고래사 어묵은 워낙 유명하기도 한데 어묵이 종류별로 들어가 있어 각자의 먹는 재미도 있고요 맛있더라고요.
큼직큼직 보기에도 먹음직스러워요.
조금 매콤하다는 평이 있어서 맵찔이인 저는 너무 매우면 어쩌나 걱정했는데 맵지 않고 전 딱 좋더라고요.
얼큰하면서도 시원해서 해장을 부르는 맛이었어요ㅋㅋㅋ
여기에 들어 있는 김치 볶음이 한 몫 했을 것 같아요.제가 딱 좋아하는 맛이예요.
우동면도 탱글탱글해서 호로록 먹기에 좋았어요.
양도 2인이 배불리 먹기에 넉넉했어요.
조리법이랄것도 없이 그냥 재료넣고 끓이기만 해도 되고요 기호에 따라 만두같은거 넣어서 먹어도 좋을 것 같아요.

근데 저는 그냥 별다른 거 첨가 안해도 있는 그대로만 끓여도 충분히 맛있어서 만족했어요.
식사 메뉴 고민일때 간단히 먹기에도 너무 좋겠어요.
기분 좋게 맛있게 잘 먹었어요^^"
12,12,"김치베이컨 주먹밥이 개인적으로 저는 제일 맛있네요~
현미곤약이라 식감도 좋고 맛도 아주 훌륭해요
간편하게 렌지용기에 넣어 2분 돌려 먹었는데 식감이 정말 좋고 간도 세지않아 너무너무 맛있어요^^
평소 바빠서 아침밥 자주 거르고 출근했는데 간단히 돌려 한개만 먹고 나갔는데도 은근 속이 든든하고 배고프지 않아 너무 좋았어요
현미와 곤약을 사용한 색다르고 맛난 주먹밥 특히 약간 매콤하지만 아삭한 김치와 고소하고 바삭한 베이컨이 조화롭게 들어가 있어 맛과 풍미가 아주 굿 입니당~~!!
유통소비기한도 넉넉해서 냉동실에 쟁여두고 급할때 한개씩 꺼내 간편히 먹기에 딱 좋은것 같아요~
아이들도 아주 좋아하고 간식으로 편하게 먹기에도 충분해요~ 3번째 주문했는데 먹고 또 바로 재주문 할까해요","전부터 먹고 싶었던 음식인데 세일해서 바로 샀어요. 아침에 식사대용으로 먹고 출근하기에 딱이에요~ 큰 기대 안 했는데 맛있어요~ 살짝 간이 쎈 것 같기도 한데 양도 생각보다 많고 맛있네요!
무엇보다 곤약 주먹밥이라서 그런지 칼로리가 낮아서 편의점 삼각김밥 사먹는 것보다
이거 먹는게 다이어트에 도움 되는 것 같습니다.

배송도 어찌나 빨리 오던지, 오전에 주문했는데 밤10시쯤 도착해서 놀랐습니다. 새벽에나 올 줄 알았는데, 포장도 엄청 꼼꼼하게 해주셔서 바로 냉동고에 넣지 않고 새벽 4시 30분에 넣었는데 음식 상태가 아주 좋았고, 아이스도 안 녹아있더라고요. 전자렌지에 데워먹기 편해서 자주 손이 갈 것 같아요. 김치베이컨은 제가 개인적으로 고기파가 아니라서 베이컨대신 참치 들어갔으면 바로 샀을 것 같아요~ 다양한 맛으로 더 나오면 좋겠어요~","몇번째 재구매하는 제품입니다.
저희집에서는 종류별로 삼각김밥을 구입해서 냉동실에 쟁여두고 있어요 
출근길 등원길 외출길에 준비가 안되어있을때마다 너무 잘 이용하고 있거든요

그러던중 삼각김밥이지만 조금은 다이어트에 도움이 되고싶은 마음에 
(365일 다이어트중이라...)
cj와 컬리의 합작품인 현미곤약주먹밥을 구입했는데
여러가지 시리지중에서 김치베이컨이 저희집에서 제일 인기가 많네요 
저도 그렇지만 초등아이도 좋아하는 맛이에요 

사실 맛은 좋은데 간편한음식은 많이 없잖아요
그치만 김치베이컨 현미곤약 주먹밥은 맛도 좋고 간편해요 
특히 곤약때문에 톡톡터지는 식감때문에 재밋게 먹을 수 있네요

살짝 매콤하지만 충분히 초등고학년 아이도 먹을 수 있는 매움이에요
하나먹는다고 배부름은 아니지만 
바쁜일상에 가볍게 한끼로 추천합니다

칼로리 155kcl
전자레인지1:30~2분정도 돌리면 완성"
13,13,"새콤달콤 맛,  상큼한 향,  껍질도 얇고 제가 원했던 크기, 기대이상입니다. 점심에 주문했는데 저녁식사 후 후식으로 정말 빠르네요.   재구매예정입니다.   맛있게 먹을 수 있게 배송해주신 기사님 빗길 안전운행하세요.  감사드립니다 ~","진짜 꿀 맛이 나는 귤이에요~~~

겨울이면 여기저기 맛있다는 귤은 다 먹어봤는데 이번에 컬리에서 산 타이벡 감귤 처럼 맛있는 귤은 처음인것 같아요 

귤 껍질도 아주 얇고 크기도 먹기 좋은 사이즈에 달달함을 
넘러서 아주 꿀이에요^^

겨울이면 과일은 귤을 아주 달고 사는데 이번 컬리에서 산 귤은 2틀도 않되서 다 먹은것 같아요

몇개 먹고 나면 계속 먹고 싶어지는 그런 귤이에요...

부모님 댁도 한박스 드렸는데 어디서 이런 맛있는 귤을 쌌야고 물어 보시더라구요

새콤한 맛은 아두 조금있고 달달함이 한가득인 귤~~~

지금 이 순간에도 먹고 싶어서 침이 고이네요 ㅎㅎ

이렇게 컬리에서 또 맛있는 과일을 만났네요^^

저번에 바로 구매하려고 들어갔는데 품절이라서 오늘은 품절이 아니길...","너무 맛있어요. ~~~~!!
아기가 귤을 좋아해서 비싸도 좋으니 제발 맛만있길 바라고 여러곳에서 주문해봐도 밍밍하거나 시거나 질기거나......
올 해 끊임없이 실패해서 귤은 더이상 사지 말아야지 하고 마지막으로 시킨건데 대박 성공입니다. 
귤피가 적당히 얇고 신선하고 썩거나 곯은것 없이 깨끗해요. 
신선하고 귤향이 진해요. 
단맛이 많고 살짝 상큼한 맛도 나는게 정말 최고의 귤입니다. 
신랑이랑 아기랑 매일매일 욜심히 먹다보니 금방 다 먹어서 재주문 합니다. 
양가 부모님께도 나눠드릴것 포함 5박스 사요. 
지금 시킨것도 동일하게 맛난거 왔으면 좋겠습니다♡
입소문 금방날것 같아요. ㅠㅠ 언젠가 너무 핫해서 다시 못사먹을까 두렵습니다. 
그래도 저처럼 맛난귤 찾아 헤메이시는분! 달콤하고 진항귤향을 원하시는분들! 고민하지 마시고 사세요 !"
14,14,"컬리 주문 할 때마다 항상 주문하는 필수템이에요. 지코바 느낌이 나는데, 양도 많고 가성비도 좋고 다양하게 레시피 활용할 수 있어서 좋아요. 

밥과 함께 치밥으로 먹어도 되고 라면 사리 넣어서 볶음면처럼 해서 먹어도 좋아요. 치밥이나 라면사리 추가할때는 물을 살짝 넣어서 소스많게 만들면 촉촉해서  훨씬 더 맛있습니다. 

혼자 먹으면 요 키트 하나로 두 끼는 해결할 수 있어요! 운동 끝나고 집에서 맥주랑 같이 곁들여 먹으면 정말 너무 너무 너무 너무 맛있습니다. 집들이용이나 내가 만든듯 안만든듯 남자친구에게 만들어주기도 참 좋아요 ㅋㅋㅋㅋ 

제가 정말  좋아하는 제품이니 오래오래 판매 해 주세요!! ^~^","두번째 구매인 이 제품!
그래서 소개를 하고자 합니다.
오 이 제품은 이 제품 단독으로 먹어도 좋고
다른걸 겸해서 먹어도 좋더라구요.

더맛있게 먹고자 한다면 야채를 곁들이면 더욱 좋겠다 싶더군요.야채를 곁들이면 더맛나고 건강하게 먹을 수 있는 제품입니다.그래서  두번째 구매를 했나봅니다.
담에도 구매할 제품인 이유가 아이들이 정말 맛있게
먹어주는 제품이었어요. 단백질 및 탄수화물의 밸런스도 꼭 맞지만 더불어서 맛있는 맛이 가미된 제품이라서 더욱 좋고요.또 , 양념이 크게 맵지 않아서 어린아이들도 양념을 조금만 하면 맛나게 먹어요.거기다가 또 밥이랑 먹으면 딱이라서 한끼 해결하기도 너무 좋고요.
그래서 컬리에서 끼니 대용으로 제품을 고민하면 전 이 제품이 아주 딱이다 싶더라구요. 끼니 고심한다면 이 제품 강추요!","닭 상태도 너무 싱싱하고 양념도 충분히 넉넉했던 바베큐치킨! 밀키트가 얼마나 맛표현을 잘 했을지 반신반의 하며 구매해봤는데 왠걸! 
식당에서 파는 비쥬얼과 맛을 집에서도 똑같이 손쉽게 재현할 수 있어 너무 만족했답니다 ㅎㅎ 
밥차리기 귀찮을 때, 집들이, 손님대접용, 안주 등으로 너무 좋을 것 같아요! 

저는 우동 사리를 넣어 만들었지만 당면이나 소면을 삶아 비벼먹어도 정말 맛있을 것 같았어요.

제 조리법도 살짝 공유해봅니다!


1. 먹기 하루전날 봉지째 냉장실에 넣고 해동한다
2. 기름없는 팬을 살짝 달궈 닭다리살만 넣고 볶으며 충분히 닭기름을 뽑아낸다
3. 기름에 파, 다진마늘(생략가능)을 넣어 풍미를 높여준다
4. 양념장과 떡을 한번에 넣고 떡이 말랑해질때까지 잘 볶아준다
5. 재료들이 다 익었으면 마지막에 면사리(선택사항)을 넣고 양념이 스며들기 한번 더 볶는다
6. 가스불을 끈 후 고추를 넣고 열기로 뒤척거려준다
7. 예쁜 접시에 담아 맛있게 먹는다!!!

Ps!!! 특히 들어있는 떡이 말캉말캉 아주 요물입니다! 최고! "
15,15,"한입 크기로 썰린 훈제오리예요. 구워내자마자 향이 정말 진하게 올라와 입맛을 자극합니다. 

윤기 흐르는 자줏빛 살코기와 바삭하게 구워진 껍질이 대비되어 보는 것만으로도 먹음직스러워요.

겉은 살짝 바삭하면서 속은 촉촉하게 익어 있어 질기지 않고 부드럽게 씹힙니다. 

오리 특유의 고소한 기름 향이 은은하게 퍼지면서 짭조름한 간이 입안에 착 감깁니다. 

한입 먹으면 육즙이 스며나오고, 훈연 향이 뒤따라와 풍미가 꽉 차요.

기름기가 많을 줄 알았는데 생각보다 깔끔한 편이에요. 

키친타월로 한 번 눌러 구우면 느끼함 없이 담백하게 즐길 수 있습니다. 

그냥 먹어도 좋지만, 부추무침이나 마늘쫑볶음과 곁들이면 더욱 맛있어요.

남은 오리는 냉장 보관 후 전자레인지에 살짝 데우면 처음 구운 듯 부드럽게 살아납니다. 

쌈채소에 싸 먹거나 덮밥 위에 올려도 좋고, 냉면 고명으로 활용해도 어울려요.

훈제 향이 과하지 않아 부담 없이 즐기기 좋고, 오리고기 특유의 냄새도 거의 없어요. 

단백질이 풍부하면서도 씹을수록 고소한 맛이 나서 술안주로도 손색없습니다.

한 팩만으로도 두세 명이 충분히 즐길 수 있고, 바쁜 날 간단한 메인 반찬으로도 훌륭합니다. 

따뜻한 밥 한 숟갈에 훈제오리 한 점 얹으면 그 조합만으로 완벽한 한 끼예요 ","[훈제오리 먹어본 후기]

평상시에 오리고기를 좋아해서 구매해본 [KF365] 훈제오리
컬리배송이라서 일단 새벽배송으로 빠르게 받아 볼 수 있어어요

한팩당 300g이고 두팩으로 나눠져 있어서 혼자 먹기 좋은 양이었어요
시중에 판매되고 있는 다양한 훈제오리고기를 먹어봤는데
이제품은 확실히 껍질보다 내부 살이더 많은 스타일의 훈제오리네요!!
그래서 더 마음에 들었습니다♥️

껍데기 부분이 얇고 지방부분이 많지 않아서
다이어트 식단할 때 먹기 좋을 것 같아요!!

유통기한도 11월 5일까지로 넉넉해서
한팩씩 천천히 먹어도 될 것 같습니다!

컬리에서 훈제오리는 처음 구매해봤는데 만족스러웠어요:)
","남자친구랑 여행 가서 훈제오리 월남쌈 만들어 먹었어요. KF365 훈제 오리 300g 두 팩, 손질 생새우살, 파프리카, 깻잎, 오이, 부추, 당근, 방울토마토, 크래미, 당근, 달걀, 쌈무, 무순, 파인애플 등 월남쌈 재료는 다양할수록 맛있으니 최대한 여러 가지 재료를 이용해 만들었어요. 훈제오리, 새우, 달걀지단 굽고 나머지 재료는 길이 맞춰 칼질해 접시에 예쁘게 플레이팅 하면 완성되는, 간단하지만 은근히 손이 많이 가는 요리죠. 그래도 알록달록 정갈하게 완성된 월남쌈을 보면 먹기도 전에 기분이 좋아져요. 라이스 페이퍼 위에 잘 구운 훈제오리 한점 올리고 취향대로 재료 넣어 돌돌 싸서 먹으니 너무 맛있었어요. 피쉬 소스, 칠리 소스, 피넛 소스 등 다양한 소스는 월남쌈 먹는 재미를 더해주는 것 같아요. 직접 싸먹는 과정이 번거로워서 남자친구가 좋아할 지 살짝 걱정이었는데 저보다 더 맛있게 먹어서 음식 만든 제가 더 기뻤네요. 같이 이것저것 조합해 천천히 싸먹으며 대화도 많이 할 수 있어서 즐거운 식사였습니다. 조만간 또 한 번 해먹으려고 해요!

참고로 사진 속 훈제오리는 300g 두 팩 모두 구운 양입니다. 제가 한 팩 먼저 굽다가 살짝 태워서 남자친구가 남은 한 팩 적당히 맛있게 구워 덮은 양이에요. 두 명이 부족함 없이 넉넉하게 먹을 수 있었던 양이었어요."
16,16,"냉동도시락 치고 가격이 좀 있어서 살까말까 고민했는데 사길 잘했어요! 확실히 다른 도시락보다 중량도 많고 내용물도 실하더라고요👍 티비나 유튜브에서 온더고 피피엘 나올 때 과장된 반응이 아닐까 싶었는데 직접 먹어보니까 맛있어서 나온 반응이라는 걸 알 수 있었어요달걀프라이, 당근, 애호박, 시금치, 버섯, 무, 볶은 소고기, 밥에 같이 들어가 있는 고추장. 비빔밥에 걸맞게 구성이 알차요 스팀팩 기능 덕분에 밥도 더 촉촉하게 먹을 수 있고 짜지지도 않았어요 그치만 달걀프라이는 6-7분 돌렸을 때도 좀 차가웠고 아무래도 냉동이다 보니.. 많이 퍽퍽하긴 하더라고요 약간 기름 맛이 느껴지기도 했어요…! 그래도 고추장이 별도로 동봉되어 있지 않고 이미 들어가 있어서 간이 안 맞으면 어쩌나 싶었는데 제 입맛엔 딱 적절했어요~ 도시락 덕분에 10분(조리시간은 대략 -7-8분) 식사 간편하게 준비할 수 있고 야채도 골고루 먹을 수 있어서 좋았어요 또 주문하려고요!",직장인들 간단한 점심식사로 온더고 도시락 상당히 괜찮은 거 같아요.. 아이회사주변에 마땅히 나가서 먹기 힘들다고 해서 옆에서 챙겨주면 좋지만 같이 있지않아 그래도 질리지 않게 컬리에서 브랜드별로 지금 고르고 있어요.. 그래도 엄마 맘에 한식이 좋을 것 같아서 이번에는 온더고에 도시락을 종류별로 주문해봤어요..아이가 점심시간마다 사진을 찍어서 보내주는데..나름 골라먹는 재미가 있다네요..ㅎㅎㅎ 오늘은 숯불향 규동& 계란말이인데..내용이 나름 알차게 들어있네요..이쁜 계란말이와 고기위에 송송송 파까지 살아있는 비쥬얼이라 보기에도 상당히 괜찮네요.. 영양도 챙긴 거 같구 가격도 쿠폰이 있어 저렴하게 잘 주문한 거 같습니다..,"간단하게 한 끼, 비빔밥 좋아요!
소고기 비빔밥에 다양한 채소와 달걀 후라이까지 모두 들어있어요. 영양소적인 면에서도 좋고 고소하고 맛있네요. 
비빔밥의 양념장이 고추장 베이스니까 많이 맵진 않더라도 아이들에게 줄 때에는 양념장을 조금 덜어내도 될 것 같아요. 가운데 부분에 있으니까 덜어내기 쉬워요.
양도 딱 적당하고 전자레인지에서 뚜껑 비닐 벗기지 않고도 골고루 잘 데워져서 먹기 좋았어요. 
온더고 다른 시리즈들도 맛있는데 소고기 비빔밥이 손이 먼저 가네요. 기대했던대로 맛있었어요. 
간단한 도시락이나 냉동실 비상 식량으로 추천합니다."
17,17,"귤 많이 못 먹고 지나가서 아쉬운데
달달하니 맛있습니다
아이가 한번에 5개는 더 먹는거 같아요^^","부모님집에서 가족모임이 있어서 
부모님집으로 미리 주문해놓고 
식후에 식구 다같이 먹었어요 :)
 
다들 너무 맛있게 먹어 줘서 
괜히 기분이 좋았어요!

새콤달콤 적절하게 8:2?? 
정도 비율로 너무 맛있더라고요 ㅎㅎ

컬리덕분에 기분좋은 식사였어요👍
조만간 다시 주문할께요:)","**탕후루 만들어 달라네요~

설탕 평평하게 1컵. 물 3분의2정도.
젓지 않아야 하고 갈색이 되기 전에 불을 꺼야해요. 불 끈 후에도 열기가 남아서 탈 수 있기  때문에 노란색이 나올 때 끕니다. 

저희집 가스렌지 약불로 한 15분 걸렸어요.
긴 꼬지를 다 써서 요지에 했는데 이만큼 하고도 시럽이 남았어요.

냄비에 물 더 넣고 끓여서 녹이고 닦아요.

**종이호일에 놓고 선풍기 좀 쐬어주면 똑 떨어져요
**귤 자체가 새콤달콤 해서 더 맛있어요"
18,18,"마이셰프 소불고기 전골 밀키트를 주문해봤어요. 

고기, 채소, 당면, 양념까지 전부 손질된 상태로 깔끔하게 포장돼 있어 조리 과정이 정말 간편했습니다.

설명서대로 따라 하기만 하면 금세 근사한 불고기 전골이 완성돼 요리 초보에게도 추천할 만해요.

고기도 부드럽고 양념 맛도 달짝지근하면서 깊은 풍미가 있어 가족 모두 만족했어요.

패키지도 고급스럽고 유통기한도 넉넉해서 냉동 보관용으로 쟁여두기 딱 좋습니다 :)

야채는 해동하자마자 색감도 선명하고 수분감도 살아 있어 신선함이 느껴졌어요.

고기는 양념과 함께 잘 버무려지며 촉촉하게 숙성되어 조리 전부터 기대감을 높였고요.

재료 손질이 잘 되어 있어서 별다른 준비 없이 바로 요리할 수 있는 점이 정말 편리했습니다.

당면은 따로 삶아야 하는 번거로움이 있을 줄 알았는데, 생각보다 금방 부드러워져 조리 시간이 길지 않았어요.

밀키트에 포함된 당면이라 그런지 잘 불고, 국물에도 간이 잘 배어들어 맛있게 완성됐습니다.

육수에 야채와 당면을 먼저 넣고 끓이니 향긋한 냄새가 퍼지면서 군침이 돌기 시작했어요.

고기를 마지막에 넣고 함께 끓이니 육즙이 스며들며 국물 맛도 더 깊어졌습니다.

불고기 전골 특유의 달큰하고 진한 향이 집 안 가득 퍼져 제대로 된 한 끼 느낌이었어요.

하지만 해동 시간이 은근히 길어 바로 조리하려면 미리 준비해두는 게 필요했어요. 

냉동 상태에서 손질하려면 재료가 좀 뻣뻣하게 풀리는 감이 있었습니다.

정성스럽게 구성된 마이셰프 소불고기 전골 밀키트 덕분에 집에서도 간편하게 든든한 한 끼를 즐길 수 있었어요.

조리법도 간단하고 맛도 좋아 바쁜 날이나 손님맞이용으로도 딱 알맞은 제품이었습니다.

작은 아쉬움은 있었지만 전반적으로 만족스러운 경험이었고, 다음에도 재구매 의사 충분합니다 :)","몸두 안좋구 해서 마켓 컬리에서 사둔 소불고기 전골이
있어서 끓여 먹었는데 깔끔하니 좋았어요.
양배추도 좀 있음 넣어도 좋았을 거예요.
자극적이지 않은 맛이라 호불호 없이 남녀 노소 누구나 좋아 하는 맛일 겁니다.
전 현미밥이랑 아주 괜찮게 뱃솟 편하게 한끼 때웠네요.
혼자 먹었기에 한번 더 먹을게 아직도  남았어요.
물을 조금 더 넣었더니 간두 딱 맞구 국물두 떠먹고 
좋더라구요.
마켓 컬리에서 가끔 밀키트 사서 쟁여두고 먹는데 
괜찮아요.
맛도 좋구요.
양도 그정도면 넉넉한 편 입니다.
혼자 먹으니까요.
앞으로도 더좋은 양질의 밀키트 부탁드립니다 ^^","아이들도 좋아하는 소불고기전골 입니다.

사리원 소불고기전골은 쟁여놓고 먹기 너무 좋아요. 기본 채소와 고기, 양념장, 당면까지 깔끔하게 개별 포장되어 있어요.

저는 버섯 한팩, 치즈떡을 추가로 준비했습니다.

먼제 먹기전에 냉장실에 두고 자연해동합니다.
소고기는 핏기 제거하고 양념장에 30분정도 재어놓아요. 채소는 세척해서 물기 빼둡니다.

당면이랑 물500ml 넣고 끓인다음 양념된 소고기와 채소, 떡사리 넣고 보글보글 끓여요.

매콤한게 좋다면 땡초추가 추천합니다. 맛있게 조리해서 먹으면 끝!!  다른 반찬이 필요없어용 ㅎ저는 물만두도 넣어서 조리하기도 하는데 만두소기전골로 드셔도 좋습니다. 강추하는 밀키트예요💜"
19,19,"사미헌 우거지 감자탕, 진짜 집에서 간편하게 맛집 감성을 느끼고 싶은 분들께 완전 추천해요! 😍 얼큰하고 구수한 국물에 야들야들한 우거지, 그리고 두툼하게 붙은 갈비살까지! 한입 먹으면 속이 확 풀리면서 감칠맛이 입안 가득 퍼져요! 🍲✨
저는 마켓컬리에서 주문했는데, 냉동 포장이라 신선하게 잘 도착하더라고요! 샛별배송 덕분에 아침에 바로 받아볼 수 있어서 급하게 한 끼 준비할 때도 너무 편해요! 냉장 해동한 뒤 냄비에 넣고 한소끔만 끓이면 완성이라 조리도 엄청 간단해요! 오래 끓이면 짠맛이 날 수 있으니 살짝만 끓여주는 게 포인트! 파나 버섯, 당면 같은 거 추가해서 먹으면 더 풍성하게 즐길 수 있어요! 😆
국물은 얼큰하면서도 들깨가루가 들어가서 고소한 맛이 살아있고, 맵찔이도 부담 없이 먹을 수 있는 정도의 칼칼함이에요! 우거지는 구수하고, 갈비는 부드러워서 씹는 맛도 최고! 밥 한 공기랑 같이 먹으면 진짜 든든하게 한 끼 해결! 🍚👍
캠핑이나 야외에서도 간편하게 끓여 먹기 좋아서, 저도 캠핑 갈 때 꼭 챙겨가요! 따끈한 국물이 생각날 때마다 꺼내 먹으면, 집밥 느낌 제대로 납니다! 여러 리뷰에서도 고기 양도 넉넉하고 우거지가 푸짐해서 만족도가 높다는 평이 많았어요! 😊
여러분도 사미헌 우거지 감자탕 한 번 드셔보세요! 집에서 맛집 국물요리 즐기고 싶을 때, 이만한 게 없어요! 오늘 저녁 메뉴 고민 끝! 얼큰하고 구수한 한 그릇으로 속까지 든든하게 채워보세요! 🥰🍲🔥","
부산 대표 전통 한식당 갈비탕을
집에서 한 그릇을 즐길 수 있다는
기대감에 주문을 했는데요.
냉동상태로 배송이 되며,
1kg 대용량에
큼직한 갈빗대가 4~5개 정도 들어있어요. 
살이 질기지 않고 부드러워
뼈와 분리가 잘 되어 먹기에도 편리했어요.

냉장 해동 후 끓여 먹을 때 가장 맛있다고 해서
하루 꼬박 냉장실에 보관해 두었고
다음 날 냄비에 넣고 끓였습니다. 
패키지에 적힌 팁대로
당면을 미리 불려서 넣어주었고
파 송송 썰어서 넣어주니 맛있더라구요.

국물은 맑고 깔끔한데 
감칠맛이 풍부하고 깊은 맛이구요,
기름기가 많이 뜨지 않아 담백했어요.

1kg으로 표기되어 있지만
3인분 정도 되는 양으로 푸짐해서 한 끼,
아니 2인 가족인 저희집에선 두끼식사였네요.^^
가격은 13,000원으로
다소 비싸게 느껴질 수 있지만,
식당에서 사 먹는 가격을 생각하면
오히려 가성비가 좋은게 아닐까 싶네요.

집에서 간편하게 부산의 맛집을 즐길 수 있어서 
매우매우매우 만족스러운 구매였네요~^^",사미헌갈비탕은 늘 시켜먹고있지만 우거지갈비탕은 첨 시켜보내요.첨이라 맛이 어떨까몰라서 두팩만 주문했거든요.마침 울큰아들이 감기기운이 있어서 먹어봤는데 어라 맛이 괜찮네요^^~네식구라 두팩하니까 조금 남더라구요.우거지도 많고 국물도 여유있고 갈비대가 한팩당 4개가 들어있는데 갈비탕에 있는것보다는 작더라구요.그리고 들깨가루 한숟가락씩 더넣어 먹음 더맛나더라구요.들깨를 많이 먹음 좋다고 하길래 ㅎㅎ 고기는 조금 아쉬웠어요.뼈없이 고기만 들어있으면 좋겠다 싶었어요.(지극히 개인적인 생각입니다) 그래도 많이 질기지 않아서 좋았어요.아무튼 울아들 이거먹고 감기기운이 좀 사라지기를 바래봅니다.주말이라 병원도 못가고 아고야 맘아프게시리 ㅜㅜ다음 쎄일때는 넉넉히 구비해놓고 먹어야겠어요.
20,20,"저는 원래 만두를 졸아하지 않아요 
중식당에서 서비스로 나온 만두도 먹은적이 거의 없어요
신랑은 만두를 좋아하는데 제가 안먹다보니 잘 안사게 되더라구요(미안해지네..)
근데 후기도 좋고 할인도 해서 구입해봤어요
우선 신랑먹을것만 기름 넉넉하게 두르고 6개 튀겨줬죠
튀기는데 어맛. .냄새가 좋네..?'
먹어보고는 싶은데 저녁단식중이라 눈 질끈감고 참았어요
신랑이 먹어보더니 '이거 맛있다!' 이러더라구요 만두 좋아하는 사람이니 뭐 다 맛있겠지 했거든요
원래 맛있다 한마디면 끝나는 사람이고 워가
어찌맛있는지 설명 안하는데 속도 알차고 육즙도 많고 다른만두보다 훨씬 맛있대요
이쯤되니 단식중인사람 놀리나 싶어서 들여다봤더니 진짜 속이 알차더라구요
먹어봐야겠다 싶어서 다음날 찐만두로 먹어봤어요 이번에 컬리에서 구입한 실리만 실리콘찜기로 간편하게 완성했고 먹어보니 만두가 이렇게  맛있는거였구나..하는 깨달음을 얻었습니다ㅎㅎ
오늘은 딸래미랑 (역시 컬리에서 구입한) 달걀찜기에 해먹었는데 딸아이도 정말 맛있다고 좋아했어요
만두맛을 알게해줘서 감사하고ㅎ 또 사러올께요^^"," 컬리를 자주 이용하지않는...
간간히 어쩌다 찾는 눈팅고객이라 마음대로 이름붙여봅니다.

그래서 상품구매시 반드시 후기를 읽어봄에도 불구하고 한번도 후기를 적어본 적이 없는 무풀고객이기도 합니다.

그런데 우연히 구입한 왕교자!
이게 이렇게 매력적일 수가 없어서 후기를 적을 수밖에 없네요.

딸아이가 먼저 군만두를 해먹으면서 어디서 구매했냐고?
참고로 우리집에서 맛을 제일 잘 아는 사람입니다. 커리라고 답하면서도 그런가? 했습니다.
다음에 남편과 찐만두를 해먹었는데 아! 이렇게 피가 쫀득하고 얇은 느낌일 수 있을까? 이 육즙은 또 무엇인고?
마지막 아들아이도 사이드 메뉴로  군만두를 먹고는 또 어디서 샀냐고? 육즙 팡팡이라네요.

이 만두 최고네요.
아마도 자주 커리 방문할 것 같은 예감입니다.

더해서 포장지도 만두 먹고싶다~는 마음을 일으키게 한답니다.
위 글에서 적은 것처럼 식구 모두가 군만두 찐만두로 맛볼 수 있는 양이랍니다.
찐만두.군만두 사진이 없어 냉동상태 사진 올렸으니 모양과 크기 확인하셔요.
먹어보지 않으면 알수 없으니 한번 맛봐보셔요.
사람마다 입맛이 다르긴하나 아마도 만족하실겁니다~^^","이번에 구매한 제품들중에 가장 기대가 높았던 제품입니다.
컬리와 비비고가 합작해서 육즙가득한 만두를 만들었다는데 만두킬러인 제가 놓칠수가 없죠.
교자스타일이라서 구워서 먹는걸 제일먼저 시도해봤는데요
굽다보니 육즙이 나와서 튀기도 하더라구요?!
기대감상승한채로 한번 먹어봤는데 
확실히 기본 비비고와 타 제품들과의 육즙이 다른편입니다.
충분히 간이 되어있어서 간장이 따로필요없어요
밥반찬으로도 안주로도 손색없는 맛이더라구요
두번째로는 쪄서 먹어봤는데
피가 야들야들하고 얇아서 피에서 1차감동 육즙에서 2차감동!
쪄먹어도 구워 먹어도 맛있는 교자였습니다"
21,21,"👉완전 갓성비 냉동고 쟁여템👈

배송 당일에 해동없이 바로 요리해서 2일에 걸쳐
3가지로 요리해서 먹었어요.

1.그냥 구워먹기
2.아기 덮밥
3.어른.아기 볶음밥

해동할 시간도 없는 하루가 모자른 워킹쌍둥이맘입니다🤣

냉동된 고기 케이스에서 분리될정도만 실온에 꺼내어 
분리되면 코팅웍에 통째로 넣고 물 살짝 넣은 후 뚜껑덮고 중불에서 구워냅니다.
중간중간 물부족함이 있는지 확인하고 고기들이 분리되면 가위로 컷해줘요.
그리고 다 익혀서 어른은 쌈 싸먹고 21갤 쌍둥이 들은
밥,김자반,고기 그리고 국물 살짝으로 덥밥식으로 만들어서 주면 완밥!

구워먹고 아기덮밥 먹고도 남은 고기로 다음날 온가족 볶음밥해서 먹으면 또 초간단 한끼해결👌

일단고기 1kg답게 양이많고요~싱겁게 먹는 저희집은 타브랜드나 종류들은 짜다고 많이 느꼈는데 이 제품은 적당히 단짠해서 너무 좋았어요!!

양도맛도가격도 아주 만족한 목살구이였습니다😁","날씨가 슬슬 더워지니 냉면이 땡기더라구요!
나가서 먹어도 좋지만 집에서 먹으면 더 푸짐히 먹을 수 있으니 냉면을 사 두었는게, 냉면하면 역시 빠질 수 없는 게 양념돼지갈비라 후딱 구매해봤어요!

포장 열면 크게 3등분으로 구성되어 있길래
2개는 보관해두고 한 덩이만 구웠어요.
한 덩이를 펼치니 넓은 고기 3쪽이 나오더라구요!
냉장고에서 냉장해동 한 뒤에 약한 불에 지글지글 굽다가 수분이 좀 졸아들면 불을 약간 올려서
마지막으로 맛을 입히듯이 구워줍니다 ㅎㅎ

달달짭쪼름 한 게 넘 맛있어요!
다른 데서 산 건 지방이 넘 많을 때도 있고
뭔가 고기가 오래된 느낌인 경우도 있었는데
믿고 사는 컬리제품답게 맛도 좋고 신선해요 ㅎㅎ
남은 두 덩이는 저녁에 구워 쌈싸먹으려구요!","돼지갈비 후기

기대 안하고 먹었는데 생각보다 너무 
맛있어요~
양념이 달짝지근해서 아이도 잘 먹고
밥 비벼서 먹어도 엄지 척 진짜 맛나네요!!

팁- 저는 구울때 다진마늘 두스푼 양 넣어서
구웠는데 훨씬 더 맛있어요~~

냉동 상태로 신선하게 잘 배송되었고 다시 얼렸다가 다음날 꺼내서 바로 일차로 녹이고 2차로 후라이팬에 노릇노릇하게 약불로 구웠어요

마지막에 양송이버섯도 추가해서 먹었구요ㅎ
겉절이 열무얼간이 무침이랑 오이무침이랑
같이 곁들여서 깻잎에 쌈싸먹었는데 우와~~ 진짜 향긋하고 중독성 있네요ㅎㅎ
짭짤한 양념고기랑 잘 어울려서 먹고나서도
생각나고 자꾸 고기에 손이 가요^^

한공기 뚝딱 배부르고 든든하게 잘 먹었네요ㅎㅎ

재구매 의사 있고, 돼지갈비 좋아하는데 이제 외식 할 필요가 없겠어요♡"
22,22,"저번에 컬리 99치킨 두 마리 치킨 극찬한 적이 있는데요..

여러분.. 제가 두 마리 치킨만 먹다가 엄마가 윙이랑 봉 먹고 싶다고 해서..
도전해 볼까?
하고 도전했는데..

여러분..
도대체 99치킨 뭐 하는 곳인가요?

진짜.. 그냥 미쳤어요!!

꿀팁인데 사실 꿀팁이 아니고 뒤에 적힌 설명이에요!
에어프라이 200도에 3분 예열
냉동상태 치킨 넣기 
15~16분 200도 돌리기!

저 사실 설명 안 보고 막 돌리거든요? 
아! 200도 15분? 오케이 이러면서 하는데...

예열시켜서 한 거랑 안 한 거랑 진짜 달라요!!

한 봉지에 양은 이 정도 들어있어요!

부모님이랑 같이 3명이서 다 먹었는데,
다들 배부르다고 했어요!

다른 거랑 같이 먹는다고 하면 4명도 괜찮을 거 같아요!

부모님은 오히려 윙이랑 봉이 먹기 편해서 좋다고 하더라고요!

개인의 취향이니까! 
먹고 싶은 걸로 해서 99치킨 진짜 한 번만 드셔보세요!

진짜 미친 맛이에요!!

진짜 99치킨 알고 나서부터 치킨 안 시켜 먹어요!

다들 꼭 도전해 보세요!!","99치킨은 한 마리 제품만 구매하다가
처음으로 콤보 구매해봤어요 
양은 한마리 제품보다 좀 적었지만
퍽퍽살 없는 윙, 봉 구성이라 맛있게 먹을 수 있어요

한 봉지에 윙, 봉 합쳐서 18조각 들어있었고
에프 돌려 먹는데 완전 부드럽네요
사*제품도 늘 냉동실에 구비해두고 먹는데
사*보다는 간이 꽤 약해요
짜지않아 저는 좋더라구요
국내산 닭고기라 그런지
윙과 봉의 사이즈가 외국산 윙, 봉보다 많이 작아요
국내산 닭고기라는 데 의미를 둬야겠죠^^

익히지 않은 냉동 상태의 윙,봉 사진이
한 봉지를 뜯어 다 담은 양이구요
일부만 에프에 구워 맛보았어요
겉바속촉의 정석같은 맛으로
고기가 정말 부들부들 야들야들하네요

모든 부위를 맛볼 수 있는 한마리 치킨도 좋지만, 퍽퍽살 없이 쫄깃한 콤보의 매력에 더 끌리네요
조리도 조금 더 빨리되어서 좋고
다음번엔 한마리랑 콤보랑 다 주문하려구요","두마리 치킨이 항상 궁금했었는데, 저희집 에어프라이기가 작은거여서 안사고 있었다가
윙하고 봉 콤보가 나온거 보고 처음으로 구매해봤어요.

조리방법이 너무 간단하고 간편하게
뚝딱 먹을 수 있어서 좋고 윙봉만 모아놔서 좋아요~

가족들이랑 맛있게 먹었어요.
처음사본거라 소스없이 있는그대로 먹어봤는더
에어프라이기로 정말 노릇노릇하게 잘 구워지고
겉에 껍질이 적당하게 꼬들꼬들하면서 살짝 바삭한 식감이구요. 속살은 촉촉한데 약간 쫀쫀한 쫄깃쫄깃해요.
간은 적당히 되어있어서 그냥 먹어도 맛있었구요.
오늘을 처음 먹는거라 그냥 먹었지만
다음에는 양념이나 소금 곁들여서 먹어도 좋을 거 같아요.

이정도의 간식을 집에서 이렇게 간단히 먹을 수 있다니
잘 산거같아요. 윙봉만 모아놓은 것도 알찬데
다음에는 두마리 치킨도 먹어보고싶어요.

잘 먹었습니다~ 다들 간편하게 맛있게 드세요~!"
23,23,"인스타그램을 보고 따라 해본 고등어 솥밥. 가시가 없어서 요리하기 정말 쉬웠어요. 솥밥은 대부분 아래 공식으로 합니다. 

1. 쌀을 불리고 같은 양의 물과 함께 맛술 2 큰 수저, 간장 2 큰 수저, 참기름 1 큰 수저 그리고 다시마 적당한 크기 한 장.
2. 강한 불에 밥 조리를 시작하고 밥이 끓기 시작하면 약한 불에서 15분. 
3. 뜸 들일 때 다시마는 빼고 토핑을 올린다. 이날은 에프로 조리된 고등어. 
4. 쪽파 버터 넣고 비빈다.

고등어를 넉넉하게 넣고 비비는게 맛있어요!","간편하게 전자렌지 3.5분이면 완성, 아이 반찬으로 밥한끼 뚝딱!

총평 : 우선 아이가 좋아합니다. 이유는 가시가 전혀 없고 고등어의 풍미를 전적으로 느낄 수 있기 때문이죠. 거기에 어른들에게도 간편합니다. 오일을 뿌리고 종이호일을 깔고 200도씨에서 15분 이상 가열해야 하는 일반 냉동 고등어와 달리 전자렌지 700와트 기준 3.5분이면 이븐하게 익어 바로 아이에게 내줄 수 있습니다.
조리법 : 고등어는 불포화지방이 많은 생선으로 별도의 오일 추가 없이 개별포장된 투명한 비닐을 개봉하고 비닐에 쌓인 채로 접시에 담아 전자렌지에 3.5분 돌려줍니다.
맛 : 이미 적당히 훈연하여 익혀진 고등어가 냉동되어 있던 거여서 다른 고등어와 차별화되는 깊은 맛이 납니다.
배송 : 샛별배송 가능한 컬리상품으로 새벽에 도착합니다.","최고에요!!! 한마리 사보고 좋아서 세마리로 재주문했어요. 에프 굳이 쓸 필요없고 전자레인지 2분이면 갓구운 생선 먹을 수 있어요. 미리 해동할 필요도 없어서 간편해요. 낱개포장되어 있는 것까지 완벽해서 흠잡을 데가 없습니다. 같은 방식으로 다른 생선도 개발해주세요! 연어, 삼치, 갈치 등등. 뭐든 내주시면 제가 사먹을게요! 
고등어덮밥, 고등어김밥, 고등어소바 등 순살생선 필요한 요리에 적극활용중이에요!
고등어 덮밥은 굴소스, 설탕, 간장, 물로 데리야끼소스 만들어서 파, 양파 정도만 넣고 졸이면 몸에 좋은 생선 단백질 충전할 수 있는 완벽한 한끼가 됩니다~~ "
24,24,"조금 오랜만에 재구매 한거같아요...
500g두팩 구매했구여 저랑 신랑이랑 둘이 먹으려구여
따로 볶아야 합니다 저는 여기에다가 베트남 고추 가루를 추가해서여
컬리에서 구입한 여러가지 채소들 집합이요~
새송이버섯 한개 표고버섯 두개정도 양파 작은거 한개 거의다 익을때쯤
쪽파 적당히 넣구여 참기름과 통깨로 마무리합니다
이만큼 채소를 넣어도 전혀 싱거워지지 않아요
제가 평소에 짠건 싫어하지만여 매운건 좋아합니다
짜지않고 맵게 잘하거든요 그리고 뜨거울때 보는간은 정확한 간이
아니거든여 다들 아실테지만여 이럴게 볶으니 채수도 좀더 나와서여
우동 사리나 밥을 볶아도 맛있을듯 합니다 배가 안부르면 먹구여
아님 내일 먹으려구여
오랜만에 잘먹었습니다 ","컬리에서 압구정 주꾸미 모르는 분 없죠? 오랜만에 주문해서 또 맛있게 먹었어요. 그냥 먹어도 맛있지만 
재료 더 추가하면 더 맛있어요. 

1. 양배추 썰어 식용유에 볶아요.
2. 느타리버섯넣고 볶기! 
3. 라면사리는 별도의 냄비에서 3분익히고
4. 압구정주꾸미, 대파, 콘옥수수 넣고 
3분 정도 볶은 팬에
라면사리 합쳐서 3분정도 더 볶아요. 
5. 기본 양념은 살짝 달아서 고춧가루와 고추장 조금 더 넣었고요.
6. 참기름넣고 볶음밥도 필수! 
저는 조미김이 없어서 못넣었는데 김까지 넣으면 완벽

이번엔 실수로 300g짜리샀는데 500g짜리 사서 먹고 볶음밥 해놓고 남은 건 냉동했다가 먹으면 편해용 👍","워낙 유명한 압구정 쭈꾸미
드디어 먹어봤습니다.
워낙 기대치가 높아서 맛있어봤자이지 않을까했는데, 냉동삼겹 하나 넣었을뿐인데 감칠맛이 장난아닙니다.
마늘도 아주 잔뜩 들어갔는지 한국인 입맛을 저격해요.
양념 남으면 볶아 먹으려고 했는데 
양념이 남지 못했어요ㅠㅠ
왜 압구정 압구정 했는지 알겠어요.
또 구매의사 너무나도 있습니다!

제가 조리한 방법은 아래와 같습니다.
1. 해동한 쭈꾸미를 팬에 올린다.
2. 먹고싶은 채소를 넣어준다.
3. 대패삼겹을 위에 올려주고 익으면 끝!
4. 컬리 깻잎과함께 야무지게 먹는다!!

다음에는 콩나물도 넣어서 먹어볼까봐요.
좋은 제품 감사합니다!"
25,25,"술 먹으면 다음날 꼭 밥으로 해장해야되서 주로 국밥을 시켜 먹는데 국밥집은 최소 주문 금액 맞추기가 힘들더라구요 그래서 이번에는 거하게 술먹는 다음 날에 맞춰 이 제품을 사봤습니다.
일단 포장이 2인분이 한 봉지에 든 줄 모르고 한 봉지를 다 끓여버렸는데 양이 엄청 많더라구요(결국 남겼다가 아침에 먹고 점심에 또 먹었어요) 지퍼백 포장으로 되어 있어서 냄비에 물 350ml 넣고 반 부웠다가 끓여 먹고 나중에 또 반 부워서 드시면 됩니다.
해동할 필요 없이 물 끓이다가 냉동 제품 바로 넣어도 되는 거라 엄청 편리하고 끓이면 죽처럼 밥이 몰랑몰랑해서 해장에 정말 좋아요
제 개인적인 추천은 먹기 전에 참기름 조금 두르고 깨소금 올려 먹으면 참 맛있더라구요👍추천합니다","재료는 조금 약한데
한끼 해장용으로는 괜찮아요
저는 무랑 북어 더 넣고 계란한개 더 넣어서
끓여먹습니다","바쁜아침에 후르륵 끓여 먹기 좋아요
따로 양념 안해도 간이 딱 좋고 속이 든든하네요
저는 들기름과 깨소금 계란 하나 톡 넣어서 먹었어요
추워지는 요즘 생각나는 황태국밥 맛있어요"
26,26,"오늘은 휴일 어떤걸 해먹을까 고민고민하다?
바로 오늘의 픽! 생선까스~!!!
집에 반찬이 없어 냉동실을 뒤져 꺼낸 이놈^^ 에어후라이
예열후 13분 돌려 바삭 익혔다~!!!겉바속촉으로 맛나게 구워졌다~^^ 타르타르 소스양도 풍족해 8개를 찍어 먹고도  많이 남았다. 입짧은 울엄마 맛있다고 6개나 뚝딱 드셨다.우린 뭐먹으라고 ㅋㅋㅋ
흰살 생선살이 그득하다~소스도 묽지 않아 찍어먹기에 따~악 좋다. 소스가 내 입맛엔 살짝 느끼해 레몬즙을 섞으니 한결 낫다. 엄마가 맛있어하니 좋다. 울집에 오신다면 그전에 장바구니에 담아둬야겠다. 컬리는 실패가 없어
좋다^^","항상 재구매하는 컬리KF365 생선까스입니다.
겉은 바삭하고 속은 촉촉하고 부드러워 너무 맛있습니다.
컬리의 KF365 까스들은 다 맛있는것 같아요!!👍😍
돈까스 치킨까스 생선까스 미니돈까스 다요~!!
최곱니다.
생선까스도 사먹는것처럼 진짜 맛이 좋아요.
속살이 부드러운데 으스러지지 않고 명태살 고소함이 정말 좋아요.
가시도 하나도 없어서 아이들에게 주기도 너무 좋구요. 같이 동봉된 타른타르 소스 역시 양도 많고 맛도 좋아요.(소스는 두봉지 들어있어요)
생선까스는 에어프라이어에 앞뒤로 구워서 소스에 찍어 먹기만 하면 되니까 정말 간단하구요. 배달 시키지 않아도 집에서 간단하게 빠르게 맛있게 만들어 먹을 수 있어서 정말 좋네요!!
당근 재재구매의사 있어요!^^
벌써 몇번구매인지 모르겠어용~😎","생선까스 맛있네요
두번째 구매입니다.
항상 아들래미와 신랑만 해주다가 
이번에 처음 먹어보았어요
맛있더라고요
우와~ 속으로 더 구매해야겠다 생각했네요

조리법이야 매우 간단해요
에어프라이기 안에 넣고 돌린다
돌리는 시간은 봉지 뒷 부분에 보면 자세히 나와있으니
그 시간을 지켜서 돌려주세요

에어프라이기용이 더 비싸요
그래도 이걸 구매하게 되요
후라이팬에 기름 두르고 냉동식품을
튀기다보면...
내가 아주 잘 튀기는 사람이 아니라면..
기름을 잔뜩 머금은 튀김이 나올 확률이 높아요
기름을 조금 두르자니... 그렇고
그렇다고 너무 많이 두르면.. 남은 기름 처치 곤란
그래서 에어프라이기용을 선호해요

가격은 당연히 비싸요
딱 8조각 들어있어요
한개당 가격을 생각하면 비싸죠

그래도 이게 더 나은것 같아
계속 이걸 구매하게 되네요"
27,27,"컬리장볼때 무조건주문하는 제품입니다
집에서 쉽고 간편하게먹을수있고 소분되어나와서 너무좋아요
✔[KF365] 춘천식닭갈비(냉동)1.2kg(300g*4ea)
❗[KF365] 춘천식닭갈비(냉동)1.2kg 조리법
✔봉지째로 자연해동하거나 하루정도 냉장해동해줍니다
✔예열한팬에 해동한 닭갈비를 올리고 중불로 3분간 볶아줍니다
✔약불로 줄여 충분히 익을때까지 볶아주면완성
❗양배추나,양파,당근,고구마등등 야채를추가하여먹으면 더욱맛있습니다!
❗남은양념에 라면사리나우동사리 또는 볶음밥으로만들어먹어도맛있어요
냉장고에 무조건있어야하는 제품입니다! 매번장볼때마다 구매해요
4팩소분되어있어서 2인가족한끼식사할때 딱좋습니다
춘천식닭갈비를 집에서 간편하게먹을수있어서 너무좋아요
닭도부드럽고 양념이 너무맛있습니다 야채추가해서먹을때도있고 그냥먹을때도있는데 둘다저는 맛있게먹었습니다 면사리나 마지막에 볶음밥도 추천합니다
주문해서 꼭드셔보세요 강추입니다!!","냉동?냉장?어느것을 살까 고민하다가 요게 소분되어 있어서 좀 더 보관도 편할듯 싶어 첨으로 사봤어요..혼자먹을 밥상이라 한팩이면 되겠지싶어 한팩에 고구마 양배추 양파등등 넣고 볶았더니 작은 전골뚝배기에 보기좋게 담기네요~~~먹으면서 보니 고기가 순살이라그런지 8-9점 들었더라구요..양념이 넉넉해서 집에 닭다리살 있으면 같이 추가해서 볶아도 좋을것같아요..
전 사놓은 닭다리살이 없어서리 걍 한팩 더 뜯었어요 ㅎㅎ마지막 사진보시면 그게 야채없이 그냥 한팩뜯은거에요~~이거 너무 맛있어서 혼자라고 한팩으로 못끝나겠더라구요~~많이 맵지도 않고 살짝 카레향?이 나는게 맵단도 예술이지만 식당에서 먹는 그 닭갈비랑 똑같아요..내사랑 막걸리까지 같이 먹었더만 술술넘어갑니다~~~

지금다시보니..떡을 안넣었네요 ㅠㅠ 아꿉~~","와 그냥 진짜 너무 맛있어요 ㅋㅋㅋ 세상에 왜 이제서야 구매해봤을까 싶어요 이건 정말 다음에도 꼭 사야겠어요 컬리는 저에게는 없어서는 안 될 존재입니다 ㅎㅎ 1인가구 이고 요리도 잘 못하기도 하는데 어디서 장보는 방법도 잘 몰라서, 항상 고생하는데 컬리만큼 좋은게 없어요 컬리멤버쉽 가격도 저렴하고 멤버쉽 가격 자체도 다 포인트 포함해서 구매할 수 있고 게다가 각종 할인쿠폰도 가득주는데 컬리제품은 하나같이 거를 타선이 없네요 이 닭갈비는 정말 
기대이상으로 너무 맛이 좋았어요 

우선은 소포장 4팩구성된 게 너무 좋아요
저 같은 1인가구는 항상 음식이 남거나 다 먹어야하는 부담이 있는데 이렇게 나뉘어져 있어서 냉동보관하고 여러차례 먹을 수 있게 포장부분도 너무 좋았는데요 우선은 정말 정말 맛이 좋아요 
저는 맵찔이라서 매운거 잘 못 먹는데 맵지도 않고 적당했던 카레맛이 강렬한 고추장볶음이였는데 기가막히게 맛있어요 게다가 풍성한 닭고기 살이 너무 잘 어울려요 ㅎㅎ 적당한 닭껍질과 부드러운 닭고기의 조합이 최곱니다 ㅋㅋ 진짜 맛있게 잘 먹었어요 뒀다가
아껴먹으려고 했는데 벌써 다 먹었어요 ㅋㅋㅋ 4팩을 혼자서 이렇게 빨리 먹게될줄이야 ㅋㅋ 너무 맛있어요 닭고기 양념맛도 딱 적절하고요 모두 양념까지 조리가 된 상태라서 열로 구워내기만 하면 끝입니다 ㅋㅋㅋㅋ 다이어트 하고 있었는데 살찌겠어요 ㅋㅋ 가격도 저렴하고 진짜 이건 꼭 구매해서 드셔보세요 
조리하는것도 귀찮고 보통일은 아닌데 너무 너무 간편합니다 게다가 양념양도 정말 풍성해요 ㅋㅋ 
좋아하는 각종 사리면이나 야채, 떡, 고구마 넣어서 같이 볶아도 양념이 정말 충분해요

맵지도 않고 진짜 너무 맛있는 양념맛이였어요 ㅎㅎ
맛있는 닭다리살 위주로 구성되어 있고 
요리하는게 정말 귀찮고 재료손질, 뒷처리 다 생각하면 시간소모도 너무 큰데 바쁜 현대인들에게 최곱니다 

게다가 소포장되어있다보니 소분된 게 
정말 누구머리에서 나온건가요 ㅋㅋ 똑똑이 신의한 수 
진짜 컬리만큼 식품은 끝내주는데가 또 없어요 
저는 컬리 정말 좋아해요 
아무리 요즘에 다 새벽배송한다고 난리지만
컬리만큼 배송도 빠른데가 없습니다 
단연코 컬리가 가장 빠르고, 제품성도 너무 좋습니다 
그 어떤 커머스랑 비교가 안 되네요 
독보적인 컬리제품 너무 좋아요 이 닭갈비 진짜 맛있어요 무조건 주문해보세요 "
28,28,"저는 원래 만두를 졸아하지 않아요 
중식당에서 서비스로 나온 만두도 먹은적이 거의 없어요
신랑은 만두를 좋아하는데 제가 안먹다보니 잘 안사게 되더라구요(미안해지네..)
근데 후기도 좋고 할인도 해서 구입해봤어요
우선 신랑먹을것만 기름 넉넉하게 두르고 6개 튀겨줬죠
튀기는데 어맛. .냄새가 좋네..?'
먹어보고는 싶은데 저녁단식중이라 눈 질끈감고 참았어요
신랑이 먹어보더니 '이거 맛있다!' 이러더라구요 만두 좋아하는 사람이니 뭐 다 맛있겠지 했거든요
원래 맛있다 한마디면 끝나는 사람이고 워가
어찌맛있는지 설명 안하는데 속도 알차고 육즙도 많고 다른만두보다 훨씬 맛있대요
이쯤되니 단식중인사람 놀리나 싶어서 들여다봤더니 진짜 속이 알차더라구요
먹어봐야겠다 싶어서 다음날 찐만두로 먹어봤어요 이번에 컬리에서 구입한 실리만 실리콘찜기로 간편하게 완성했고 먹어보니 만두가 이렇게  맛있는거였구나..하는 깨달음을 얻었습니다ㅎㅎ
오늘은 딸래미랑 (역시 컬리에서 구입한) 달걀찜기에 해먹었는데 딸아이도 정말 맛있다고 좋아했어요
만두맛을 알게해줘서 감사하고ㅎ 또 사러올께요^^"," 컬리를 자주 이용하지않는...
간간히 어쩌다 찾는 눈팅고객이라 마음대로 이름붙여봅니다.

그래서 상품구매시 반드시 후기를 읽어봄에도 불구하고 한번도 후기를 적어본 적이 없는 무풀고객이기도 합니다.

그런데 우연히 구입한 왕교자!
이게 이렇게 매력적일 수가 없어서 후기를 적을 수밖에 없네요.

딸아이가 먼저 군만두를 해먹으면서 어디서 구매했냐고?
참고로 우리집에서 맛을 제일 잘 아는 사람입니다. 커리라고 답하면서도 그런가? 했습니다.
다음에 남편과 찐만두를 해먹었는데 아! 이렇게 피가 쫀득하고 얇은 느낌일 수 있을까? 이 육즙은 또 무엇인고?
마지막 아들아이도 사이드 메뉴로  군만두를 먹고는 또 어디서 샀냐고? 육즙 팡팡이라네요.

이 만두 최고네요.
아마도 자주 커리 방문할 것 같은 예감입니다.

더해서 포장지도 만두 먹고싶다~는 마음을 일으키게 한답니다.
위 글에서 적은 것처럼 식구 모두가 군만두 찐만두로 맛볼 수 있는 양이랍니다.
찐만두.군만두 사진이 없어 냉동상태 사진 올렸으니 모양과 크기 확인하셔요.
먹어보지 않으면 알수 없으니 한번 맛봐보셔요.
사람마다 입맛이 다르긴하나 아마도 만족하실겁니다~^^","이번에 구매한 제품들중에 가장 기대가 높았던 제품입니다.
컬리와 비비고가 합작해서 육즙가득한 만두를 만들었다는데 만두킬러인 제가 놓칠수가 없죠.
교자스타일이라서 구워서 먹는걸 제일먼저 시도해봤는데요
굽다보니 육즙이 나와서 튀기도 하더라구요?!
기대감상승한채로 한번 먹어봤는데 
확실히 기본 비비고와 타 제품들과의 육즙이 다른편입니다.
충분히 간이 되어있어서 간장이 따로필요없어요
밥반찬으로도 안주로도 손색없는 맛이더라구요
두번째로는 쪄서 먹어봤는데
피가 야들야들하고 얇아서 피에서 1차감동 육즙에서 2차감동!
쪄먹어도 구워 먹어도 맛있는 교자였습니다"
29,29,"평이좋아서 주문해봤는데~평 좋은이유 알겠어요.
진짜 기대 안했거든요.동네에서 파는 옛날통닭보다 더 괜찮은거 같아요~저는
저희 동네옛날통닭은 너무 바삭해서 좀 드라이한 식감이 강한데 99치킨은 저희식구 입맛에 맞게 구움을 조절할수 있어서 굿굿굿! 방금 조리해서 먹었는데 완젼바삭촉촉하네요.닭냄새도 없어요.무엇보다 입맛까다로운 아들이 인정하면서 잘 먹네욥^^

제가 사용하는 오븐은 삼성비스포크인데 
에어프라이어 기능을 사용해서 
200도에서 13분후 뒤집고 12분후 또 뒤집고 구움색보면서 10분 더 조리했더니 정말 맛이 굿굿굿 입니다.

또 재주문 할 거 같고요, 추천합니다.
한번 드셔보셔도 좋을 듯 합니다~","정말 간단하게 하이볼 한 잔에 안주가 먹고 싶을 때가 있습니다.
근데 마른 안주는 싫고 과자도 싫을 때 치킨이 생각나는데 그렇다고 너무 기름에 튀긴 치킨을 한 마리 시켜서 먹기는 싫고, 순살 치킨을 돌려 먹기에는 또 좀 질리는 감이 있죠. 

옛날 통닭은 부담스럽지 않게 먹을 수 있겠다 싶어서 구매 했어요. 
솔직히 큰 기대를 하지 않았지만 컬리니깐 그래도 어느 정도 맛은 보장해주겠지 했는데 
이건 너무 기름지지도 않고 퍽퍽하지도 않고 껍질은 너무 맛있더라구요.

분명 가볍게로 시작해서 한 마리만 돌렸다가 2마리를 먹고 입 터져서 미친듯이 술과 음식이 들어가는 모습을 만날 수 있습니다.

물론 절제하면 좋겠지만 :) 맛있는건 불가항력입니다.
왜 시켜먹거나 사먹는 것 보다 맛있는지요. 

그리고 크기고 1마리가 큰 편이긴 해서 아쉽게 과식하지 않게 먹기 좋습니다.
아쉽지 않게 2마리나 좋은 가격에 줘서 좋구요.

아마 조만간 한정 판매의 대한 엄청난 경쟁이 불붙지 않을까 싶네요!
에어프라이어가 큰게 없다면 잘라서 하면 되니깐 크기도 너무 걱정하지 않아도 되겠더라구요.

그리고 잘라서 돌리는게 좀 더 속이 더 잘 익는 것 같아요. ","컬리에서 구입한 두 마리 99치킨 by Kurly 에어프라이어용 입니다
가격은 절반 맛과 양은 두배 라는 타이틀에
걸맞는 훌륭한 제품입니다
왜 맛이 익숙하지? 이러면서 자칭 오늘의 저희집 우선 시식팀 둘째 아이와 저는 왜 아는 맛인지 탐색한 끝에 제조원이 마니커 에프앤지 라는걸 알게 되었어요
마니커 바사삭 치킨 닭다리를 너무나 좋아해서 
아침식사에도 매우 자주 마니커 바사삭 치킨 닭다리를 먹곤하거든요
우선 첫 시식이니까 포장지에 나온 레시피 그대로 조리했어요
포인트는 중간에 한번 뒤집어야 한다는거예요
처음 한번은 레시피 대로 굽고
다음엔 옥수수, 마늘이나 아스파라거스, 버섯, 껍질콩, 토마토 등도 같이 구우면 좋을것같아요

200도로 예열된 에어프라이어에 냉동상태 그대로의 제품을 넣고 10~12분간 조리후 
뒤집는게 포인트입니다
뒤집어서 11~13분간 조리하라고 설명되어있어요

저는 총 25분 세팅해서 중간에 한번 뒤집어 줬어요

오일 스프레이나 버터 등이 따로 필요하지 않아서
간단하게 조리할수있고
하나더 
크리스마스나 연말을 맞아 가족들과 조용한 홈파티 하기에도 괜찮은 훌륭한 메뉴가 될것같아요

사실... 연말 상차림을 뭘로 하지...하고 고민이 시작되는 시기인데...
매년 훌륭한 조언 들려주시는 컬리에게 진심으로 감사드립니다
아이들이 특히 너무나 좋아해서 더 기쁘고 만족스러운     
<두 마리 99치킨 by Kurly>

컬리 좋은 상품 진심으로 감사드립니다"
30,30,"많이 맵진않지만  좀매운맛!
양배추 버섯 양파넣고 먹으면
맛나욤^^
질길까 걱정햇는데 쫄깃하고
양념이 잘베어있어요~~
500그램 3인이상 넉넉하고
삼겹살 새우 해물을 넣어도
괜찮은같아요~
저의 새우넣었어요
밥비벼서 먹으면  넘맛나요
땀을 흘리면서 먹었네요
더운 여름에 이열치열 
매콤한 낙지볶음 먹으니 스트레스 날려버렸어요
집에서 힘들게 낙지사서
양념하는거 보다
요즈음같이 더운날엔 낙지볶음
사서 집에 있는 야채넣고
해물삼겹살 등 넣어서 먹으면
괜찮을거 같아요~~
캠핑갈때나 구입해서 먹으면
술안주 밥반찬에 굿!!
저는 재구매의사 100프로 임다
넘 맛있게 먹엇어요
감사합니다","👉 대패랑 같이 볶으면 더 맛있어요! 간편하게 즐기는 매콤한 낙지볶음 한 그릇 :)

컬리에서 낙지볶음 구매해서 먹어봤는데, 양념이 딱 적당히 매콤해서 입맛 확 돌더라고요!
낙지도 탱글탱글하고 질기지 않아서 그냥 볶기만 해도 충분히 맛있어요.
저는 여기에 대패삼겹살을 추가해서 볶았는데, 고소한 맛이 더해져서 완전 별미였어요.

냉동 상태 그대로 후라이팬에 넣고 볶기만 하면 되니까 바쁠 때도 금방 한 끼 뚝딱이에요.
양파랑 대파 조금 추가해도 더 맛있고, 밥 비벼 먹으면 진짜 최고예요.
손질도 다 되어 있어서 번거로움도 없고, 냉동실에 쟁여두기 딱이에요!","매콤한게 땡기는 날 낙지볶음을 주문해 보았습니다.
마켓컬리에 몇개의 낙지볶음이 있는데 후기가 좋아 압구정낙지를 구매해봤는데 300g과 500g 중에 고민을 하다가 둘이 먹기에는 500g 날것 같아 500g 주문했어요.
1. 양 -> 낙지가 많은편은 아니에요 야채를 좋아하는 편이라 야채 넣어 먹으니 엄청 양이 늘어났어요ㅎㅎ
2. 맵기 -> 신라* 보다 훪신 안매워요 거의 안맵다고 보면 될것 같아요 고추를 송송 넣어서 먹으니 전 좋더라고요
3. 가격-> 착한가격
4. 낙지상태 -> 탱탱하고 쫄깃하고 맛있었어요
5. 요리과정 -> 구냥 다 넣고 살살 불새기 조절 후 볶아볶아요~ 어렵지 않아요
6. 재구매율 -> 매콤한거 좋아하고 밥 비벼 먹는걸 좋아한다면 양념이 많은 편이라 구매해도 좋을것 같아요
* 밥 볶아먹으니 너무 맛있어요~ 양념이 많아서 저는 감자도 넣어 먹으니 고소하고 맛있었어요^^ 취향에 맞게 소세지, 떡 넣어도 좋을것 같아요"
31,31,"조선호텔 떡갈비는 이름 그대로 한 끼부터 품격이 느껴지는 제품이었어요🍴

새벽배송으로 아침에 바로 받아보니 포장부터 깔끔하고 고급스러워 “역시는 역시다"" 싶었답니다.

두툼한 떡갈비 3개와 특제 소스가 함께 들어 있어서 별다른 조리 없이도 근사한 식탁이 완성돼요.

돼지고기 갈비살과 뒷다리살이 적당히 섞여 식감이 부드럽고 양념은 달콤하면서 짭조름해 어른·아이 모두 맛있게 먹었어요 :)

밥 위에 떡갈비 하나 올리고 소스 살짝 끼얹어 먹으니 호텔 도시락 부럽지 않은 집밥 느낌✨

냉동 보관해두었다가 손님 오실 때나 명절 상차림용으로 꺼내기에도 정말 좋을 것 같아요.

맛, 구성, 간편함 삼박자를 다 갖춘 만족스러운 제품이었습니다👍","이번에 마켓컬리에서 조선호텔 떡갈비를 처음 구매해봤어요! 항상 추천템으로 올라와 있어서 언젠가 사야지 생각만 하다가 드디어 사봤는데, 왜 진작 안 샀을까 싶을 정도로 맛있습니다!😄

구성은 총 3개가 들어있고, 먹기 전에 미리 해동해 두었다가 프라이팬에 기름 살짝 두르고 노릇노릇하게 구워 먹었어요. 따로 반찬이 없어도 흰 쌀밥 위에 떡갈비를 적당히 찢어 올려 먹으면 조합이 정말 좋습니다. 여기에 잘 익은 김치 하나 곁들이면 어렸을 때 엄마가 아침에 차려주시던 따뜻한 아침밥 느낌이에요!

떡갈비는 기본 간이 잘 되어 있어서 그냥 먹어도 맛있지만, 함께 들어 있는 소스를 곁들이면 풍미가 한층 더 살아납니다. 달짝지근하면서도 깊은 맛이 밥을 더 당기게 해줍니다!! 역시 소스가 괜히 있는 게 아니죠!!

처음 사본 제품인데, 확실히 컬리에서 꾸준히 추천받는 이유가 있었어요. 집에서 간단히 구워 먹을 수 있으면서도 퀄리티가 좋아서 앞으로도 종종 생각날 것 같네요.","조선호텔 떡갈비, 품격 있게 즐기는 한 끼 🍽️

샛별배송으로 아침에 받아본 [조선호텔] 떡갈비 345g 딱 꺼내보는 순간부터 ""오, 호텔 느낌 있다"" 싶었어요.

두툼하게 빚은 떡갈비 3개 + 특제 소스까지 함께 들어 있어서 별다른 준비 없이도 정갈한 한 상이 완성돼요.
돼지고기 갈비살과 뒷다리살의 조화 

양념은 달짝지근하면서도 짭조름한 맛이라
아이부터 어른까지 누구나 좋아할 맛이에요.

밥 위에 떡갈비 하나 얹고, 소스 살짝 둘러 먹으면
호텔 도시락 부럽지 않은 든든한 집밥 완성이에요.

냉동실에 하나쯤 쟁여두면 명절이나 손님맞이할 때도 무척 유용해요.
맛, 구성, 간편함까지 만족스러웠던 제품이었어요:)"
32,32,"작년겨울 컬리베스트상품으로 양념소불고기를 주문했을때 배송이슈로 결국 환불처리되어 실망하고 컬리주문을 한동안 안했었어요

저녁으로 뭘 먹을까 하다가 마켓컬리가 생각나서 오랜만에 컬리에 들어가보니 양념소불고기가 여전히 컬리베스트상품이라 넘 먹어보고싶기도하고 재도전~하기로해서 쿠폰받은김에 주문했습니다 
주문하자마자 미리 문의글에 안전배송 요청드려놨었고 다행히도 안전배송되어 잘 도착해서 넘나 기뻤습니다!

열어보니 한팩 꽉차게 고기로 가득해서 성인두명 아이한명 먹기에 양이 너무 많아 반 나눴어요~

저는 본연의 맛을 느끼고자 파와 양파재료만 추가했고 신선한 고기로 잡내없이 맛나게 먹었네요^^
양념이 다 되어있어서 넘나 편했고 소스가 강하지 않아서 아이가 먹기에도 딱좋았어요

본연의 맛이 좋으니 두번째 먹을때는 불린당면과 버섯 양파 파 넣고 전골식으로 먹어봐야겠어요~

마켓컬리 오랜만에 주문해봤는데 넘나 빠른배송으로 집 앞까지 가져다주니 편리해서 멤버스가입도 했어요
자주 이용할게요 감사합니다","양념된건 고기가 맛이 없다고 신선하지 않다는 편견이있었는데 그 편견이 싹 없어졌네요
처음 받았을때 사진을 보시면
양념소스나 야채로 무게를 늘린것이 아니라
고기들이 가득한거 보실 수 있을거에요~
한팩으로 4인이 야채넉고 정말 푸짐하게 먹을 수 있는 양입니다 
양념이 다 되어있어서 
팬에 넣고 볶아주기만하면 되는 아주 간편한 식품이구요
저희는 양파와 버섯 파만 넣어서 
볶아주었는데 야채는 취향따라 가감하시면되요~
장점-
1/고기가 신선해서 질기지 않고 잡내가 없습니다
2/야채로 양을 늘린것이 아닌 고기가득용량이라 마음에 듭니다
3/간이 너무 쎄거나 약하지 않고 잡내가 없어서 온가족이 맛있게 먹을수 있습니다
4/내가 직접 한듯한 요리로 착각을 일으킬 수 있습니다 
단점-
와~~단점은 없네요 없어~
온 가족이 맛있게해서 즐거운 불금 보냈습니다
추가 구매 고고고!!!","예전에 구매해서 먹어보고 만족해서 재구매했습니다. 저보단 엄마가 더 불고기를 좋아해서요 ㅎㅎ 

배송 받자마자 1-2번 정도 밥반찬으로 가볍게 먹기 좋게 양파반개.당근채.대파.팽이버섯이나 표고버섯 넣고 5봉지로 소분후 냉동 보관하면 딱입니다.

야채가 들어갔기에..간이 싱거워질수 있어 저는 불고기할때 간장이랑 참기름으로 간을 맞춰줘요.

여러명이 한 번에 먹을거면 저처럼 소분하시면 양 적을것 같구요. 저는 1봉 꺼내 요리하면 어머니가 밥반찬으로 아침.저녁 드시더라구요~ 먹고 남기면 제가 볶음밥 해먹기도 하구요.

시중 판매하는 불고기 다 먹어봤는데 여기 제품이 가성비가 좋아 재구매했습니다."
33,33,"육즙 살아있는 한돈 급냉 삼겹살, 냉동인데도 신선하고 고소해요!
별점: ⭐⭐⭐⭐⭐ (5/5)

이번에 주문한 건 한돈 급냉 삼겹살 600g 냉동이에요.
급하게 저녁 준비해야 할 때, 이렇게 소분된 냉동 삼겹살이 있으면 얼마나 든든한지 몰라요.
해동 없이 바로 꺼내서 고기 전용 팬에 올리면
지글지글 기름이 녹아내리며 고소한 냄새가 집안을 가득 채웁니다.

고기는 두께가 적당해 앞뒤로 노릇하게 굽기 좋고,
비계와 살코기 비율이 적당해서 먹었을 때 느끼함 없이 고소해요.
특히 급냉이라 그런지 해동 후에도 육즙이 살아있고,
질기지 않아서 고딩도 잘 먹더라고요.

마늘쌈이랑 곁들여 먹으니 입맛 없던 날도 밥 한 공기 뚝딱!
된장찌개랑 같이 차리니 별다른 반찬 없이도 한 끼가 뚝딱 완성됐습니다.
양도 600g이라 둘이 먹고도 넉넉했어요.

집에 비상식량으로 한두 팩씩 쟁여두면
주말 점심, 야식, 손님 접대까지 두루두루 활용할 수 있는 제품이라
다음에도 재구매할 예정입니다. 👍","어제 하루 종일 바쁘게 일하다 보니 저녁 준비할 힘이 하나도 없더라고요. 마침 냉동실에 넣어둔 냉동삼겹살이 생각나서 꺼내봤어요. 솔직히 그냥 배 채우는 정도로만 생각했는데… 
고기가 냉동임에도 불구하고 전혀 퍽퍽하지 않고, 적당히 기름이 돌아서 씹을 때마다 고소한 맛이 입안 가득 퍼졌어요. 집에 있는 쌈 채소랑 마늘, 고추장 살짝 곁들여서 한 쌈 싸 먹으니… 진짜 한끼 해결 딱이더라고요

무엇보다 양이 넉넉해서 성인둘이서 충분히 먹었어요기름이 깔끔하게 떨어져서 느끼함 없이 끝까지 맛있게 먹을 수 있었어요. 바쁜 날 저녁 식사용으로 쟁여 놓기 좋은 식재료네요!!!","급냉삼겹살이 갑자기 구워먹고 싶어져서 구매했어요! 너무 맛있게 먹고 쓰는 후기입니당
600g이면 2명이서 든든히 먹을 수 있어요

- 전자레인지 해동보다는 냉장해동(30분)해서 먹는게 식감이 좋다구 해요
- 구울 때 기름이 진!짜! 많이 나오거든요, 키친타올로 닦아내면서 구워주세요
- 저희는 참소스에 양파 썰어넣어서 구운 냉삼이랑 같이 먹었더니 꿀맛이였습니다
요거 진짜 추천드려요!

**남은 고기 활용 tip
저희는 삼겹살 김치 볶음밥 해먹었어요! 대존맛

🍳 만드는법:
1.삼겹살을 노릇하게 볶는다.
2.잘게 썬 김치를 넣고 함께 볶는다.
3.간장 1큰술을 넣고 볶는다.
4.밥을 넣고 고루 섞어가며 볶는다.
5.설탕 약간(선택), 참기름 1작은술로 마무리한다"
34,34,"언젠가부터 계란빵 파는 곳 찾기 어려워요
추억의 계란빵을 엄청 좋아하는 마음만큼
만들기는 번거로워 항상 아쉬웠는데
집에서 간편하게 먹을 수 있어 넘 좋아요

전자렌지에 데우면 촉촉하면서 부드럽고
에프에 구우면 갓 구운듯 더 맛있네요
계란 비린맛도 없고 고소하고
전체적인 맛조합이 좋습니다

넘 맛있어서 5개 한번에도 순삭 가능하네요
계속적으로다 주문하고 싶은 맛입니다
한팩에 5개가 들어있고
개별포장이라 보관도 편리하네요","한마디로 무조건 재구매 할꺼에요!! 

계란빵 너무 좋아하고 먹고싶었는데 길거리에서 요즘 잘 안보이더라구요!  집에서 해먹는것도 불편하고 아쉬워 하던중! 컬리에서 계란빵 딱 발견!! 어머 이건 무조건 사야되! 

밤에 야식 먹고싶은데 건강을 해치지 않는 건강한 야식으로 요 계란빵 딱이구요!  아이들 간식으로도 너무 좋더라구요! 남편도 아침밥 대신으로 2개 딱 좋다고 하더라구요!

전자렌지에 돌려도보고 에프에도 돌려봤는데 전자렌지 
해동 후 에프에 돌리는게 훨씬 맛있어요! 겉바속촉! 

고소한 계란이랑 달콤짭쪼름한 빵이 아주 잘어울렸어요! 
케찹발라서 먹으니 더 맛있었어요! 
계란빵 먹고 싶은데 근처에서 찾기 힘들다면 고메공방 계란빵 요거 무조건 추천합니다!! ",약간 퍽퍽한데 추억의 맛이네요
35,35,"저의 최애 봉지라면입니다!!^^❤️❤️

오동통면은 면이 오동통하구요~
다시마가 2개나 들어 있는데다가, 건더기도 듬뿍 들어 있어서 전체적으로 맛있어요!
다시마에서 나오는 육수가 맛있는지 감칠맛도 좋아요. 국물이 끝내줍니다~😋
그리고 조그만한 건더기 미역들이 은근 맛있어서 그것만 모아서 건져 먹기도 합니다^^

거의 매일 먹었어요ㅎㅎ
먹고나면 다음날 저녁에 또 생각나고 해서 한팩 다 사라질때까지 1일1라면 했습니당.

직접보고 사지 않았지만 유통기한도 넉넉하게 남은 상품으로 보내주셔서 더 좋았습니다. 유통기한 상관없이 홀라당 먹어버렸지만😆
너무 맛있어요!
안드셔보셨다면 꼭 드셔보세요~!
많이 맵지도 않구요 그렇지만 얼큰한 느낌은 있어요. 라면국물맛이 진짜 맛있네요!","라면류 채워넣기 위해 이것저것 담아보다가
짜슐랭? 한번도 안먹어봐서 호기심에 구매해봤습니다.

5개입 1세트로 구성되어 있었구요.
짜슐래의 새카만 패키지가 왠지 더 찐한 짜파게티 맛을 기대하게 만들어줬습니다.

구성은 면과 건더기스프, 분말스프 그리고 유성스프로 구성되어있어구요. 바로 한번 끓여봤습니다.
기존 짜파게티 끓이는 방법과는 다르게 짜슐랭은 물을 버리지 않고 졸여주는 방식입니다.
1개 기준 400ml 물을 넣고 끓이다가 면을 넣고 5분 더 조리 후 분말스프와 유성스프를 넣고 적당히 자작해지도록 졸여 완성하면 끝.
이렇게 하면 면에서 나오는 기름들이 다시 잘 면에 배여들어 더 맛있다고 들은것 같기도 하고?
아무튼 맛있게 잘 끓여졌습니다.

개인적으로 스프의 양도 더 넉넉해서 비비기에 풍족해서 좋았구요. 건더기도 큼직 큼직 커서 더 맛을 극대화 시켜주는 느낌!
물을 따라내지 않아 저 촉촉하고 풍미가 느껴지는 맛이였습니다.
짜파게티는 농심 오리지널 짜파게티가 최고라고 살아왔는데 짜슐랭이 저의 편견을 없애주었습니다..
재구매 의사 있어요 :)","오뚜기 스파게티 제품을 소개합니다!

이번에 가족들 아이들과 함께 먹으려고
마켓컬리에서 또 주문해서 먹었어요
한봉지에 식사 양 충분합니다
토마토 소스 진하고 
향도 좋아요
면 조금 남겨서
소스에 밥도 비벼 먹으면 정말 맛있어요
흰밥도 함께 만들었는데 사진 같이 올립니다

이번 제품은
고기도 들어있고
마카로니도 있고 건더기 스프 맘에 들어요
맵지도 않고 순한 맛으로 편안하게 먹을 수 있었어요
어린아이들도 함께 먹어도 좋아요

이번 마켓컬리 제품 추천합니다
다른 물품들과 함께 구매했어요 
마켓컬리에서 단골로 구매하고 있는데요
이곳에 좋은 상품 가득합니다

새벽 배송되고 빨리 배송해주셔서
제품도 모두 신선하고 상태 좋아요
유통기한 긴 제품 좋아요
굿 추천합니다

마켓컬리에 좋은 상품 더 많이 있어요 감사합니다
이번에 스파게티 제품 먹었는데
앞으로도 단골 구매 할게요 
강력 추천합니다
또 구매할게요 감사합니다!








"
36,36,"고기가 들어가있는 국을 좋아 하는 가족들,, 토요일 밤 반찬거리도 없고 일요일 아침 뭐해먹지 하다 급하게 마켓컬리를 들어왔더니 버크셔흑돼지가 똬악 눈에 띄어서 이거다!!하며 구입하였습니다. 
아침에 고기상태를 보니 색감도 신선하고 흑돼지만의 탄탄함이 합격이다 싶더라구요
쌀쌀해진 날씨에 돼지고기,마늘 달달 볶다가 김치넣고 또 달달볶다가 육수동전과 물넣어 오래 푹끓여다가 저의 김치찌개의 팁은 마지막 식초 조금과 설탕을 살짝 넣어주면 맛있어지더라구요

우선 구입한 버크셔 흑돼지는 잔털이 없이 깨끗하였고, 고기의 특유에 비릿함은 없었고 육안으로 보았을때 신선함이 살아있고 쫀쫀함도 있어 우리가족에게는 합격이었습니다. ","고기 진짜 두툼하고 맛있네요! 처음 시켜봤는디 왜 후기 많은지 알거같아요ㅠㅠ
그냥 숯에 바베큐 할때도 좋을거같고, 걍 그리들 + 버너에 구워도 둘 다 맛있습니다!! 두께가 장난아니에요(사진만 봐도) ㅋㅋ 그래서 중불에 잘 구워야합니당 지방도 적당하구욤
물놀이갈때 편하게 컬리로 시켜서 아침에 들고가면 딱입니다.
버크셔K라서 그런지 확실히 부드럽고 맛있다는 말밖에..
할인해서 사봤는데 할인 안해도 다시 사고싶은 마음 100%입니다 ㅎ
호불호없이 다 맛있다고 하네요 ㅋㅋ
전 원래 삼겹살파 인데 목살이 더 맛있는건 처음이에요! 다음에도 사서 놀러가려구요 완전 추천합니당🍀","신랑이 돼지고기를 좋아해서 돼지고기요리를 종종하는데
돼지고기도 품종에따라서 맛이나 가격이 천차만별이더라구요.
돼지고기중에 버크셔가 맛있다고 들어서 구매해서 먹어보고싶었는데
컬리에서 팔고있더라구요.
냉장으로 플라스틱용기에 진공포장되서 배송되구요.
육안으로 봤을때 신선해보였고
껍질이 붙어있었어요.
털은 깔끔하게 잘 제거되어있었고
돼지고기 색도 좋고
냄새도 안나더라구요.
전 고기누린내나면 안먹어요.ㅜㅜ
찌개용이지만 질기지않고 쫄깃쫄깃하다고해서
200그램은 김치찌개용으로
200그램은 제육볶음용으로 요리해봤어요.
김치찌개는 김치를 볶다가 고기를 넣고 끓이는방법도있지만
고기를 볶아서 김치찌개를 만들면 더 진하고 맛있어서  볶아서 요리했어요.
고기는 핏물에서 냄새가 나기때문에 요리하기전에 키친타월로 핏기를 제거해주고
냄비에 돼지고기200그램 다진마늘1스푼넣고 볶아주다가 고춧가루1스푼넣고 타지않게 물조금씩 넣어주면서 조금더 볶아줘요.
돼지고기에서 기름이 많이나오지않더라구요.
너무 좋았어요.
고기를 볶아주다가 엄마표김장김치 적당량넣고  계속 볶아줬어요.
파김치약간남아서 몇가닥넣었어요 ㅋㅋㅋ
설탕1스푼넣어주고 미자네 꽃게액젓1스푼 넣고 조금더 볶아주다가 김치국물조금씩 넣어주면서 보글보글 끓여줘요.
코인육수1알 넣어주고 끓인물500ml넣어주고
양파랑 표고버섯 채썰어서 넣고 30분정도 약불에서 끓여주다가 대파 큰거2대 채썰어서 넣어주고 5분정도더 끓여주면 완성이에요.
마지막에 참기름넣어도되는데
넣지않는게 깔끔해서 넣지않았어요.
취향에따라 넣으셔도되고
두부반모 먹기좋게 잘라서 넣고 조금더 끓여주다가 밥이랑 먹으면 꿀맛이에요!
고기가 쫄깃한데 부드럽고 
찌개용이라서 두껍게 썰려있는데도  질기지않더라구요.
반만먹고 반은 냉장고에 보관했다가 담날먹었는데 기름이 끼지않았더라구요.
비싸도 계속 먹고싶어요.
신랑이 제일좋아하는 돼지고기요리가 제육볶음이라서 제육볶음도  만들어봤어요.
고기200그램에 다진마늘반스푼 고추장한스푼 고춧가루한스푼 진간장한스푼  설탕약간 미자네 꽃게액젓 1스푼 갈아만든배음료  100ml, 후추톡톡 뿌려서 잘섞어준뒤에 고기에 부어주고  하루정도 재워줬어요.
웍에 양념에재워둔 고기넣고 볶아주다가
고기가 반쯤익었을때 양파반개 채썬거 알배기배추 먹기좋게자르고 대파 큰거1대 청양고추1개 채썰어서 넣어주고 양념이 졸아들때까지 볶아주다가 참기름한바퀴둘러주고 잘섞어준뒤에 통깨뿌려주면 완성이에요.
단맛은 설탕으로 조절하시면되고
찌개용인데도 질기지않고 쫄깃해서 맛있어요.
대신 껍질있는돼지고기가 싫으시면 찌개용부위는 비추에요.
버크셔 맛있어요.
다른부위들도 먹어보고싶어요^^
이제부터 돼지고기는 버크셔로 먹으려구요!"
37,37,"연어 구이를 활용한 오차즈케를 만들어 먹었습니다.

👩🏻‍🍳재료 (1인분 기준)
- 컬리 노르웨이 생연어 스테이크 200g
- 밥 1공기
- 녹차 티백 1~2개
- 뜨거운 물 200~400ml
- 쯔유 1~2 큰 술 (간 맞춤용)
- 소금, 후추 약간 (연어 밑간용)
- 올리브유 또는 아보카도오일 1~2 큰 술 (연어 구이용)
- 쪽파 1줄기 (송송 썰기)
- 김가루 또는 후리가케, 통깨 약간
- 와사비 (선택사항)

➡️ 조리 순서
1. 연어 준비 및 밑간
   연어에 소금, 후추 또는 허브솔트를 발라 10~15분간 재워 비린내를 줄이고 간을 맞춥니다. 
 
2. 녹차 우려내기
   녹차 티백을 뜨거운 물에 3~5분간 우리고, 쯔유를 넣어 간을 조절합니다. 여름엔 차갑게, 겨울엔 따뜻하게 준비하세요. 저는 따뜻하게 먹었어요!

3. 연어 굽기
   팬에 기름을 두르고 중불에서 연어를 앞뒤로 노릇하게 구워줍니다. 도톰한 경우 세워서 옆면도 익혀주세요. 겉 부분을 바삭하게 구움색 나게 익히는게 중요해요.

4. 조립하기
   그릇에 밥을 담고 구운 연어를 올립니다. 그 위에 녹차 우린 물을 부어줍니다. 후리가키(또는 김가루)통깨, 쪽파를 고명으로 뿌려 마무리합니다. 원한다면 와사비를 곁들여도 좋습니다.

➡️ 꿀팁
- 연어에 맛술이나 허브솔트를 미리 발라 재우면 비린내가 줄고 감칠맛이 살아나요.
- 녹차물에 쯔유를 조금씩 넣어가며 간을 맞추면 깔끔하고 감칠맛 나는 오차즈케 국물을 만들 수 있어요!
- 쪽파는 향을 살려주고 향긋해서 넣으면 좋고, 와사비를 곁들이면 감칠맛과 매콤함이 조화로워요.

이렇게 간단한 조리법으로 담백하고 속 편안한 연어 오차즈케를 즐길 수 있어요! 식당에서는 15000-20000원 훌쩍하는 오차즈케를 집에서 맛있게 해 보세요 :)","연어오차츠케 해먹으려고 구매했어요. 
남편이랑 저 각자 한덩이씩 쪼개서 나눠먹었고
연어 굉장히 두껍고 살이 진하고 고소했어요!

아침에 고단백,따뜻한 밥 먹어서 너무 좋아요
강추합니다💙

-연어 키친타올로 물기 제거하기
-영어 중불에 10분간 좌우 뒤집어가며 익히고
두꺼우니 옆면도 같이 구워주세요
-밥 위에 얹고 마켓컬리에 같이 파는 오차츠케 가루도 뿌려줍니다
-뜨거운 불 끓여서 부워주면 끝!

조리가 너무너무 쉽죠? 가시가 없어서 애기들 먹이기에도 좋으니 추천드려요! 김치도 마켓컬리로 주문한 비비고 배추김치인데 같이 드셔보심 더 맛있어요^^","소포장으로 먹기 딱 좋아요~연어장을 해서 먹으면 좋아요~
생연어를 못드시면 구워서 먹어도 좋아요~~

[연어장] 꿀주부 레시피 참고!
재료 : 연어 200g, 대파 1/4대, 양파 1/4개, 홍고추 1/2개, 청양고추 1/2개, 파프리카 1/4개, 가츠오부시 1/2컵, 레몬 1/4개
간장물 재료 : 대파 1/2대, 양파 1/2개, 통마늘 3개, 다시마(사방 5cm) 1장, 건표고버섯 1개, 마른고추 1개, 통후추 4알, 물 200ml, 간장 100ml, 맛술 80ml, 매실청 40ml, 설탕 1/2T, 참치액 1/2T

1. 간장물 재료의 채소들을 큼직하게 썰어 간장물 재료들과 냄비에 넣고 센불로 끓여요.
2. 끓기 시작하면 약한불로 줄여 15분 정도 더 끓인 후 가츠오부시를 넣고 불을 꺼주세요. 2분 후에 체로 건더기를 걸러내고 식혀주세요.
3. 양파는 굵게 채썰고, 홍고추와 청양고추는 송송 썰어주세요. 레몬은 반달모양으로 썰어주세요.
4. 연어는 두툼한 두께로 썰어 밀폐용기에 연어를 넣고 소금 약간과 맛술 약간 넣어 밑간을 한 다음 30분 정도 냉장고에 넣어 둔 후 얼음물에 연어를 한번 씻어서 키친타월로 물기를 닦고, 먹기 좋은 크기로 썰어주세요.💁‍♀️ tip 꿀팁 : 연어는 다시마로 전체면을 덮어 밀폐용기에 담아 냉장 보관 후 사용하면 더욱 쫄깃한 식감을 맛볼 수 있어요.
5. 밀폐용기에 연어를 담은 후 손질한 야채를 올리고, 식혀 놓은 간장물을 부어주세요.
6. 연어장을 냉장고에 넣어 5시간 이상 또는 하루정도 숙성시켜주세요.(냉장보관해서 이틀 정도 안에 드시는 것이 맛있답니다)
7. 연어 덮밥으로 드실 경우, 무순은 끝 부분을 자른 후 깨끗이 씻어 준비하고 양파는 곱게 채썰어 찬물에 5분 정도 담갔다가 물기를 제거해주세요.
8. 그릇에 밥을 봉긋하게 담고 연어장을 돌려 담은 후 무순과 양파채, 와사비를 올려주세요.

👉 연어장 구이
* 연어장 구이는 종이 호일에 올리브오일을 살짝 뿌린 다음, 연어장을 올리고 예열한 에어프라이어에 넣어 200도에서 10분 구워주면 짭쪼름한 연어장구이를 채소와 함께  밥위에 얹으면 완성됩니다. "
38,38,"돼지고기보다 더 좋아하는 오리고기~~~
오리고기는 식당가서 사 먹는건줄 알았던 저~
컬리 이것저것 보다가 오리불고기를 발견!!주말엔 무조건 저거다~~바로담아서 구매하기~!!!
 
양념된 오리가 한개씩 세개로 포장되어있구요.
냉동이라 바로 냉장실로~~저녁에 먹을꺼니까!!
오리를 꺼내놓고 조리하기 전
오리불고기 짝꿍 부추랑 팽이버섯 씻어서 잘라서 준비하고 양파도 채썰어서 준비~~

네명이 먹을꺼라 세개 다 뜯어서
웍에 볶다가 3분의2익었을때 준비한 부추,버섯,양파넣어서 더 볶았어요.
집에 있는 마늘도 넣구요~~~
짠~~~식당에서 파는맛^^고대로 넘 맛있어요.
 
식당 갈 필요없이 간단히 건강하게 한끼~!!
넘 맛있어요. 간이 세지도 않고 적당히~~
아이들도 먹을수 있는 맵기정도^^","저희가족은 넉넉하게 먹을려고 한번에 600g을 다 먹었어요! 볼에 세팩을 다 넣고 양파를 채 썰어 넣어서 같이 버무려 줬어요. 프라이팬은 크기가 작을거같아서 그리들을 꺼내서 구웠더니 딱 좋더라구요ㅎㅎ 약간 굽다가 집에 있던 표고버섯과 팽이버섯을 넣어 줬고 다 익어갈 때 쯔음에 잘라뒀던 부추를 넣고 숨 죽을 때까지 같이 볶아서 먹었더니 어디 가든 부럽지 않더라구요. 아, 땡초도 한개반 정도 넣었더니 칼칼하니 더 좋았어요! 후기 잘 안남기는데 진짜 맛있게 잘 먹어서 이렇게 후기남겨요!!! 조만간 또 사먹을려고 장바구니에 담아뒀어요. 고기를 다 먹어갈 때 쯤엔 신김치를 조금 다져 넣고 밥이랑 같이 볶음밥 해먹으면 마무리까지 완벽해진답니다! 얼마전부터 신랑이 오리고기 먹고싶대서 주문했던건데 마켓컬리 고맙습니다!!!","새벽에 받아 저녁에 오리 주물럭 해 먹었어요 
우선 200g씩 3개 포장되어 있어 신랑과 나 둘이서 400g해서 먹었네요 

우선 기름을 두르지 않은 팬에 양파반개와 오리를 넣어 슬쩍 볶아줍니다
그리고 느타리버섯을 취양껏 넣어 같이 볶아줬어요
그리고 어느정도 고기가 익기시작하면 부추50g 매운거 좋아하시면 청양고추2개도 넣어 볶아주세요 전 맵게 먹고싶어 청양고추 고추가루 한스푼 추가해 주었어요
야채양이 많다 싶으면 간장도 한스푼 추가해주세요
마지막으로 참기름 한스푼 김가루조금 넣어 밥도 볶아 둘이서 푸짐히 잘 먹었습니다 

남편은 소주가 땡기는 맛이라며 반주까지 함께 했네요 대만족입니다 
한팩 남은건 미역국해서 반찬으로 먹을려고 남겨났네요
강추입니다"
39,39,"컬리에서 자주 구매하는 비엔나 소시지로 쏘야(소시지 야채볶음) 만들어봤어요.
사이즈가 일반 소시지보다 크고 탱탱해서 볶음요리에 쓰기 좋더라고요.
냉장고에 있는 자투리 채소랑 냉동 채소 믹스를 활용해서 간단하게 만들었는데, 간장, 케첩, 허니 머스터드만 넣어도 익숙하고 맛있는 양념이 완성돼요.
아이들 반찬으로도 좋고, 밥이랑 같이 먹으면 금방 한 그릇 비워지는 메뉴예요.

레시피 정리😉
1. 소시지에 칼집을 촘촘하게 넣은 뒤, 끓는 물에 한 번 데쳐 기름기와 잡내를 뺀다.
2. 양파는 채 썰고, 냉동 채소 믹스도 준비해둔다.
3. 팬에 식용유를 두르고, 소시지를 먼저 노릇하게 구워준다.
4. 채소를 넣고 중불에서 1~2분간 볶아준다.
5. 간장 1큰술, 케첩 2큰술, 허니 머스터드 1큰술을 넣고 골고루 섞으며 볶는다.
+기호에 따라 후추와 통깨를 뿌려 마무리한다.

칼집을 넉넉히 넣어야 양념이 잘 배서 더 맛있고,
고추장 한 스푼 더하면 매콤한 쏘야로도 응용할 수 있어요.
밥반찬, 도시락, 간단한 안주까지 다양하게 활용 가능한 메뉴라 만족도 높았어요!","왜 이제야 구매한거죠.. 돼지고기 함량 94프로 이상 비엔나 소세지! 너무 맛있어요~ 남편도 첫 입 먹어보더니 ""컬리 소세지 되게 맛있네~ 또 사! 또 사!"" 그러더라구요...ㅋㅋㅋㅋㅋ 

일단, 돼지고기 함량이 높아 싸구려 소세지맛이 아닌 육즙 톡톡 터지는 고급스런 소세지 맛이 나구요
탱글거리는 식감에 씹는 맛이 아주 좋아요~ 
700g으로 양도 넉넉해서 성인 2인기준 4번 이상 먹을 수 있는 양이에요. 양이 넉넉해서 지퍼백으로 나왔음 더 좋았겠단 생각은 들더라구요~^^

국민반찬 비엔나 소세지는 활용도도 좋아 반찬이며 국이며 간식이며 이것저것 골고루 해 먹기 딱 좋죠~ 
노릇노릇 구워 김, 계란에 먹음 어렸을적 간단하게 먹던 밥상 생각이 나고, 추운 겨울날 부대찌개에 송송 썰어 넣었더니 몸 속까지 뜨근해지고 오늘은 집에 채소가 많아 양파, 피망, 당근 넣어 소세지 야채볶음 해 먹었더니 밥 한그릇 뚝딱하네요 ~ 
오늘 만든 소세지야채볶음 초간단 레시피를 소개하자면

1. 마켓컬리 통통한 그릴 비엔나 소세지를 적당한 크기로 썰어준다.
(칼집만 내줘도 좋아요)
2. 기름에 다진마늘을 넣고 마늘향을 내준 후, 소세지와 채소를 볶는다. 
3. 케찹, 고추장 약간, 굴소스 약간, 돈까스 소스, 올리고당, 후추를 넣고 양념장을 만든다.
4. 2번에 양념장을 부어 휘리릭 볶아주면 끝~~ 

곧 재구매 하러 옵니다~~왕추천👍","소시지볶음 먹고 싶어서 가성비 좋은 KF365 통통한 그릴 비엔나 소시지 구매했어요.
국산 돼지고기의 함량이 무려 94.36%이구요, 한 봉지당 700g으로 양도 많아서 소시지 볶음은 물론 파스타나 볶음밥 등 다양한 요리에 사용할 수 있을 것 같아요.

저는 소시지에 냉장고속 자투리 야채와 케찹, 고추장 넣은 매콤새콤달콤한 소시지볶음 만들었어요.

재료 : 비엔나 소시지, 양파, 당근, 브로컬리, 케찹, 고추장, 알룰로스, 통깨

1. 비엔나 소시지에 칼집을 내주세요.
비엔나 소시지에 열이 가해지면 소시지의 옆면이 터지게 되므로 미리 칼집을 내줍니다.
2. 당근, 양파, 브로컬리를 적당한 크기로 썰어주세요.
3. 끓는 물에 비엔나 소시지를 한 번 데쳐줍니다(생략가능)
4. 프라이팬에 기름을 두른 후 당근 > 양파 순으로 볶아주세요.
5. 과정4에 비엔나소시지와 브로컬리를 넣고 잘 볶아주세요.
6. 케찹과 고추장을 넣고 잘 섞어주세요.
케찹과 고추장의 양은 개인의 입맛에 맞춰주면 됩니다.
저는 케찹과 고추장의 비율을 같게 했어요.
7. 올리고당을 넣어 잘 섞어준 다음 통깨를 뿌려 마무리합니다.

입에 넣고 깨무는 순간 톡 하고 터지는 맛있는 소시지에요. 입에 넣으면 입안이 꽉 찰 정도로 통통한 사이즈이며 고기 함량이 높아서 그런지 육즙도 풍부하고 속도 꽉 차있어요.
밥반찬은 물론 술안주로도 끝내줍니다."
40,40,"‘먹기 좋은 달달한 파인애플 추천’

이번에 집에서 샤브샤브를 해먹기로 했는데,
파인애플을 같이 곁들여 먹고 싶어서 파인애플을 주문해봤어요. 

파인애플 과일 통으로 구입하면 손질하는게 상당히 번거롭더라고요. 힘겹게 칼로 자르고 나서도 껍질이 많이 나와서 처리하는것도 힘드네요.

이번에 마켓컬리에서 손질된 파인애플이 있어 구매해봤어요. 파인애플 손질 되어 있어서 먹기 아주 편안하고 좋아요. 통으로 길죽하게 잘라져있는데 나무젓가락 꽂아서 통으로 베어먹기도 괜찮아 보이더라고요.

저는 먹기좋게 잘라서 먹었습니다. 파인애플 엄청 달달하고 맛있네요. 유통기한은 길지 않아서 아쉽기도 했지만 그래도 워낙 파인애플이 맛있어서 금방 먹어서 저는 괜찮은거 같아요! 

잘라져있는 파인애플 신선하고 달달해서 아주 맛있게 잘 먹었습니다. 이번에 샤브샤브 고기와 같이 먹었는데 상큼하고 맛있네요. 가족들도 다들 맛있게 잘 먹었어요. 다음에 또 재구매 의사 있습니다.","컷팅된 파인애플 사니 너무 편하고 좋네요.
개봉하니, 향긋함이 코끝을 찌릅니다.
딱 너무 맛있게 후숙된 파인애플이었습니다.
무르지도 않고, 정말 완전히 맛있게 후숙된 상태였어요.
씨도 하나도 없고, 손질이 너무 잘되 예쁘게 컷팅되있네요.
매번 통파인애플사서 후숙해 썰어먹었는데, 컬리파인애플사니 쓰레기도 안나오고,
너무 편하네요.

사과, 바나나, 키위, 케일, 오이 함께 넣고, 스무디해먹고 있습니다.",찐자주 사먹는 아이템이예요^^
