id,product_url,img,title,price,seller,category,description,ai_info,ai_review,created_at,updated_at,image_url,product_review,img_info,is_big_sale,is_today_sale,is_new
1,none,https://product-image.kurly.com/hdims/resize/%5E%3E360x%3E468/cropcenter/360x468/quality/85/src/product/image/25ac1ec1-005e-44a3-a00f-4224d25bcc96.jpg,[KF365] 햇 감자 1kg,3990,none,Vegetable,"믿고 먹을 수 있는 상품을 합리적인 가격에, KF365",,,,,https://product-image.kurly.com/hdims/resize/%5E%3E360x%3E468/cropcenter/360x468/quality/85/src/product/image/25ac1ec1-005e-44a3-a00f-4224d25bcc96.jpg,"저는 컬리 1kg 감자를 종종 사는데, 크기도 적당하고 맛도 있어서 사두고 이런 저런 요리를 해먹기 좋아요. 정작 감자 사진을 못 찍었네요ㅠㅠ 

저는 감자를 사자마자 물에 씻어서 껍질을 벗기고, 쪄두는 편이예요. 그동안은 감자채 볶음이나, 납작감자, 감자국, 감자계란 샐러드, 찐감자, 감자 스프 등을 주로 해먹었어요. 이번엔 색다른 걸 먹고 싶어서 했는데, 뇨끼처럼 먹을 수도 있고, 구워서 간식이나 아침 대용으로 먹을 수 있는 감자 레시피를 함께 공유해보려구요.

동글감자반죽이라 칭해봅니다:)
1. 감자 껍질을 까서 냄비에 감자가 다 잠기지 않도록 물을 넣고, 설탕과 소금을 반 숟가락씩 넣고 뚜껑을 닫아 30분 정도 감자를 찐다.(전자렌지 이용 가능)
2. 잘 익은 감자를 건져서 따끈할 때, 포크로 으깨고, 그 안에 피자치즈(모짜렐라)와 전분, 우유(또는 물, 두유)를 넣는다. 감자 개당 전분은 2숟가락 정도, 우유는 1~2 숟가락 정도로 점도가 너무 질지 않도록 한다.
3. 2를 따끈할 때 잘 섞어주고, 동그랗게 손으로 빚는다. 빚은 동글감자 반죽은 냉동시켜두었다가 구워서 먹거나 뇨끼로 해 먹으면 요긴하다. 
감자 덕후로서 감자는 항상 쟁여두는데, KF365 감자는 가격도 착하고 품질도 괜찮아서 몇 번이나 재구매했어요! 🥔💕

✔ 제품의 핵심 요소 & 별점

1. 신선도 ⭐⭐⭐⭐⭐
감자 껍질이 깨끗하고 상처도 거의 없어서 첫인상이 좋았어요! 깎아보니 속도 깔끔하고 싱싱하더라고요. 물러진 감자 없이 다 탄탄해서 합격! ✅


2. 크기 & 모양 ⭐⭐⭐⭐
크기가 일정하지는 않지만, 오히려 다양한 요리에 쓰기 좋았어요. 작은 건 찌거나 통으로 굽고, 큰 건 감자전이나 카레에 딱! 하지만 아주 큰 감자는 없어서 별 하나 뺐어요. 😉


3. 맛 & 식감 ⭐⭐⭐⭐⭐
쪄서 먹어보니 촉촉하고 포슬포슬한 감자가 딱!! 너무 퍽퍽하지도 않고 적당히 단맛도 있어서 감자채 볶음, 감자샐러드 만들 때도 맛있더라고요. 😋



✔ 총평: 신선하고 다용도로 활용하기 좋은 가성비 감자! 앞으로도 감자 떨어지면 또 재구매할 듯해요~ 🥰💛컬리 [KF365] 감자 좋은건 받아본 분들은 다 아실거예요. 
늘 신선하고 주먹만하게 실한 감자들이 와서 한참 두었다 먹기도 좋구요. 게다가 마트보다 확실히 저렴해서 늘 믿고 주문합니다 :)
감자로 할 수 있는 요리는 어마무시 많겠지만 저는 요 파를 품은 감자전을 제일 자주 해먹어요. 
너무 소박해 부끄럽지만 저만의 레시피 공개해드려요.

채칼로 감자를 얇게 썰어 부침옷에 적셔 둥글게 깔고 가운데 대파를 송송 썰어 올려요
대파 위로도 부침옷을 입힌 감자를 덮어주고 앞뒤로 뒤집으며 바싹 구워주세요.
피자처럼 잘라 위에 양념장을 올려드시면 보기에도 너무 예쁘답니다~^^",https://img-cf.kurly.com/hdims/resize/%3E1010x/quality/90/src/shop/data/goodsview/20240216/gv20000801345_1.jpg,FALSE,FALSE,FALSE
2,none,https://img-cf.kurly.com/hdims/resize/%5E%3E360x%3E468/cropcenter/360x468/quality/85/src/shop/data/goods/1530173860335l0.jpg,햇 양파 1.5kg,3990,none,Vegetable,"주황색 껍질 속에 숨겨진 하얀 속살의 양파. 집에 없으면 아쉬울 정도로, 다양한 음식에 활용되죠. 컬리는 풍부한 영양은 물론, 다양한 매력을 발산하는 양파를 가져왔어요. 그때그때 좋은 양파를 가락시장에서 공급받아 보내드립니다. 껍질이 광택 있고, 단단하고 중량감 있는 양파만을 엄선했어요. 신선하고 수분 함량이 많아 아삭한 맛이 좋아요. 알싸하고 단 내음의 양파는 어떤 요리와도 잘 어울리는데요. 각종 요리에 어울려 음식의 풍미를 더할 뿐만 아니라 상하는 것도 막아줍니다.",,,,,https://img-cf.kurly.com/hdims/resize/%5E%3E360x%3E468/cropcenter/360x468/quality/85/src/shop/data/goods/1530173860335l0.jpg,"🥗 양파오이피클 만들기~🍡

컬리 햇양파 적당한크기 6개 넘 싱싱하니 실합니다^^

요즘 햇양파가 제철이라 새콤달콤 만들어 놓으면
피자🍕,햄버거🍔,삼겹살🥓,라면🍜
모든 요리에 어울릴것 같아서 만들어 보아요.

준비물 - 오이3개🥒, 양파1개🧅,당근🥕, 청양고추🌶

피클절임물 - 물1.5컵, 식초1컵, 설탕130ml
                    소금1스푼, 피클스파이스1스푼, 통후추
                     (1컵기준- 180ml)

1. 🥒오이는 껍질의 남아있는 잔류농약 제거를 위해
    베킹소다를 뿌려 꼼꼼하게 세척해주고 1cm두께로
    썰어서 준비해준다.

2. 🧅양파는 4등분하고 깍둑 썬다음 겹겹 붙어있는
    양파 조각을 분리해주고 🥕당근,🌶청양고추도
    썰어서 준비해준다.

3. 절임재료 물+식초+설탕+소금+후추+피클스파이스
   (중불에서 팔팔 끓어 오르면 약불로 줄이고 40초후
    불을끄고 채에 받쳐 뜨거운절임물을 부어준다)

👍 뜨거운 절임물을 부어줘야 채소의 겉면을 살짝
     익혀 속까지 맛이 스며들고 아삭합니다
 
   담가 넣고보니 색감이 넘 예뻐서 눈길이 자꾸 가네요😘
   야채썰고 끓여서 부어 주기만하면 어렵지 않죠~~
   요리초보자도 쉽게 도전할 수 있답니다.",https://img-cf.kurly.com/hdims/resize/%3E720x/quality/90/src/shop/data/goodsview/20180628/gv00000026305_2.jpg,FALSE,FALSE,FALSE
3,none,https://product-image.kurly.com/hdims/resize/%5E%3E360x%3E468/cropcenter/360x468/quality/85/src/product/image/6f75bf79-4b78-4d64-8691-dd6a577e78d6.jpeg,[KF365] 다다기오이 3입,2990,none,Vegetable,"마디마다 열매가 다닥다닥 열린다 하여 붙여진 이름, 다다기오이. 꼭지로 갈수록 점차 짙어지는 녹색 그라데이션, 오돌토돌 솟아있는 돌기가 매력적인 오이예요. 특히 조직감이 뛰어나고, 씨방이 적어 쉽게 무르지 않는다는 장점이 있답니다. 식감도 우수해 오이소박이, 장아찌 등 다양한 메뉴에 두루 활용하기 좋지요. 1인 가구도 부담 없는 소량 구성으로 알뜰하게 전해드릴게요. 오이의 아삭거리는 식감, 싱그러운 수분감을 오롯이 누려보세요. ",,,,,https://product-image.kurly.com/hdims/resize/%5E%3E360x%3E468/cropcenter/360x468/quality/85/src/product/image/6f75bf79-4b78-4d64-8691-dd6a577e78d6.jpeg,"컬리에서 다다기오이 3입 구매했는데, 진짜 신선하고 아삭해서 여러 가지 요리에 다 잘 어울렸어요.

그냥 생으로 먹어도 맛있지만, 저는 김밥이랑 유부초밥 위에 고명처럼 얇게 썰어서 얹어 먹었거든요? 와, 식감이랑 상큼한 향이 더해져서 훨씬 깔끔하고 맛있더라고요.

일반 오이보다 덜 씁쓸하고 껍질도 부드러워서 따로 손질 많이 안 해도 돼서 편했고, 아삭한 식감이 살아 있어서 고명으로 올리기 딱 좋아요.

한 팩에 3개 들어있는데도 활용도가 높아서 금방 다 썼어요. 다음엔 더 넉넉하게 사두려구요. 김밥, 유부초밥 좋아하시는 분들께 추천합니다!

구매하시는데 제 리뷰가 도움이 되었으면 좋겠습니다 ㅎㅎ 요즘같은 날씨에 불 안쓰고 간단하고 가벼운 요리를 선호하는 편인데요. 그럴때 오이만큼 활용하기 좋은 재료가 없는 것 같아요.
오이 세개 모두 무른 부분없이 컨디션 좋은 상품으로 도착을 했구요.
오래간만에 나혼산 전현무 오이샌드위치가 땡겨서 주말에 만들어 먹었는데 역시나 맛있더라구요.
레시피도 아주 간단한데요!

<오이샌드위치 레시피>
1. 오이를 슬라이스 채칼을 이용해 얇게 썰어준 다음 소금을 뿌려 잠시 재워줍니다.
2. 크림치즈에 명란젓을 섞어준 다음 식빵에 발라줍니다.
3. 소금에 절인 오이를 크림치즈+명란소스 위에 올려준 다음 올리브유와 후추를 뿌려주면 완성입니다.

또 한가지 단골 이자카야 사장님께 배운 오이무침 안주인데요! 완전 간단하면서 가벼운 술 안주로 좋아서 공유합니다^^

<오이무침 레시피>
1. 오이를 먹기 좋은 크기로 썰어 소금을 살짝 뿌려줍니다.
2. 물, 시오다래 소스, 치킨스톡, 설탕을 적당량 넣어 소스를 만들어줍니다.
3. 오이에 소스를 뿌려주고 가츠오부시를 올려주면 완성입니다.

오이로 다양하고 맛있는 요리 만들어 드세요! ",https://img-cf.kurly.com/hdims/resize/%3E720x/quality/90/src/shop/data/goodsview/20200624/gv10000103368_2.jpg,FALSE,FALSE,FALSE
4,none,https://img-cf.kurly.com/hdims/resize/%5E%3E360x%3E468/cropcenter/360x468/quality/85/src/shop/data/goods/1653038077839l0.jpeg,한통 양배추,3990,none,Vegetable,"수분감 가득한 잎이 겹겹이 쌓인 양배추는 무궁무진한 활용도를 자랑하는 채소예요. 생으로 먹으면 아삭아삭한 식감이 돋보이고, 살짝 데치거나 볶아내면 은근한 단맛이 매력적이죠. 컬리는 원하는 대로 잘라 사용할 수 있도록 한 통 그대로 준비했어요. 채썬 양배추에 드레싱을 뿌려 간단한 샐러드로 즐겨도 좋고요. 가볍게 삶아 따끈한 밥과 양념장을 올려 맛있는 쌈밥을 만들어도 훌륭할 거예요.",,,,,https://img-cf.kurly.com/hdims/resize/%5E%3E360x%3E468/cropcenter/360x468/quality/85/src/shop/data/goods/1653038077839l0.jpeg,"양배추가 신선하고 엄청 달아요~
단단하고 싱싱해요~~

양배추 한통 순삭하는 양배추라페를 활용한 샌드위치 [양배추라페 샌드위치]
🥗 기본재료 : 식빵, 바질페스토, 타르타르소스, 훈제닭가슴살, 계란후라이, 슬라이스치즈
🍀 양배추라페 재료 : 양배추 400g, 소금 1큰술, 올리브유 3큰술, 꿀 또는 설탕 1.5큰술, 레몬즙 또는 식초 1큰술, 홀그레인 머스타드 1.5큰술, 후춧가루 약간
👍 양배추라페 만드는 방법
1. 세척한 양배추는 얇게 채썰어 볼에 담고 소금 1큰술 넣어 골고루 섞은 후 10분~20분간 절여주세요.
2. 절여진 양배추는 손으로 물기를 꾹 짜줍니다.
3. 물기를 짠 양배추를 볼에 담고 올리브유 3큰술, 설탕 1.5큰술, 레몬즙 또는 식초 1큰술, 홀그레인 머스타드 1.5큰술, 후춧가루 약간 넣어 골고루 잘 무쳐주세요.
4. 빵이나 김밥에 넣어 먹어도 좋고 스테이크에 샐러드로 곁들여 먹어도 좋아요.

🥪 양배추라페 샌드위치 만들기
1. 훈제 닭가슴살은 결대로 찢어주고, 계란후라이를 만들어 주세요.
2. 식빵은 노릇노릇 구워서 한김 식힌 후 한쪽면에는 바질 페스토, 다른 식빵 한쪽면에는 타르타르소스를 펴바릅니다.
3. 바질페스토 바른 빵위에 닭가슴살-양배추라페 듬뿍-계란후라이-슬라이스치즈-추가로 루꼴라 또는 로메인 올려주면 더 좋아요.
4. 타르타르바른 빵으로 덮고 랩핑해주고, 반으로 잘라 파슬리가루 뿌려주면 완성입니다.  문화센터도 방학이고 눈도마니오고 날도춥고 외출이 뜸한데 김장김치에 밥만 먹을순없쟈나요? 메뉴변경해봐야 매일 김치찌게 주부들은  먹거리 상차림이 걱정이죠? 이모든것이 컬리새벽배송으로 한방에 해결이네요~~전 지방이라서 미리주문하는편인데 이젠 지방도 새벽배송 으로 편리한 마켙컬리 감사하답니다. 
딸이랑 같아 살땐  딸의 식단때문에 한망씩 사기도 했었던 양배추 평소 좋아하는 야채로 식단조절도할겸 건강한 먹거리로 바꿀겸해서 가성비좋은 한통 양배추 주문했답니다. 한통많은것 같아도 저처럼 하다보면 한통금방이에요. 저만의 이용법이나 요리 등등 보관법 적어볼게요. 
1,채칼로 가늘게 썰고 짜투리는 굵게 칼로 썰어 분류
2,식초 살짝뿌려서 두어번행궈서 물기제거
3,한꺼번에 다하지않고 나머진 심을도려낸 부분에 젖은키친타올 붙여서 랩핑보관
4,센드위치는 달걀두개 으께어서 짜투리 사과한쪽넣고 캐첩마요에 버무린후 양배추고운채을 듬뿍올려 마요뿌려서 빵으로 덮어서 랩씌워 마무리 
*간식용으로 굵게 썰어논거 아삭아삭 티비보며 먹어요 
밥때 어중간할때 대비해서 아침차리면서 간삭용도 따로 준비해서 삭탁에두면 빵이나 떡 안먹게되요. 
*양배추에 소스버무리지않고 생으로 올려야 식빵에 수분기도 없고 아삭한식감이 좋아요 
5,소쿠리에 받힌 체는 굵은것과가는것 따로 보관해서 용도에 맞게 사용함 
*물에 씻은건 가급적 빨리 먹어야해요. 
6,아침식사용으론 밥한공기 가득담고 화이트발사믹과 발사믹소스로 버무려먹으면 든든해요. 부족한배는  삶은달걀이나 오트밀 부침으로 곁드릴때도 양념안한 양배추채를 같이곁드려먹으면 뻑뻑하지않고 포만감 좋음
7,랩핑해둔 나머지는 채썰어서 보충하고나머진 쪄서  양념장에 쌈으로 밥상에 내놔요
8,김장때남겨둔 배추를 삶아서 배추쌈 마니했는데 양배추도 배추와 똑같이 김치도 담고 쌈도하고 굴소스와 설탕 식초 조금넣고 볶음해도 맛있고 걱자 삭성에 맞게 여러가지 해보세요. 여름엔 물김차도 좋아요 
삭감이 훨씬 배추보다더 좋답니다
*아직도 여긴 눈이 많이 와서 집에만 있는 저에겐 마켙컬리 최고에요~~~",https://img-cf.kurly.com/hdims/resize/%3E720x/quality/90/src/shop/data/goodsview/20210618/gv40000194433_2.jpg,FALSE,FALSE,FALSE
5,none,https://img-cf.kurly.com/hdims/resize/%5E%3E360x%3E468/cropcenter/360x468/quality/85/src/shop/data/goods/1653038449592l0.jpeg?v=0531,당도선별 성주 참외 1.5kg (4~7입),12900,none,Fruits,"경북 성주는 풍부한 일조량, 물 빠짐이 좋은 미사질 토양을 지녀 참외를 재배하기에 최적의 조건을 갖춘 곳인데요. 참외가 참 신선하고 맛이 좋다 싶으면 역시나 성주에서 온 참외이곤 하지요. 컬리는 과실이 통통하게 잘 여문 향긋한 성주 참외를 온 가족이 함께 즐길 수 있는 양으로 담아 준비했어요. 시원한 냉장고 혹은 찬물에 잠시 두었다가 꺼내 먹으면, 참외의 달콤한 향이 더욱 선명하게 느껴질 거예요. 아삭아삭한 식감, 함뿍 배어 나오는 달큰한 과즙을 그대로 음미해 보세요.",,,,,https://img-cf.kurly.com/hdims/resize/%5E%3E360x%3E468/cropcenter/360x468/quality/85/src/shop/data/goods/1653038449592l0.jpeg?v=0531,"남편이 참외를 좋아해서요~이른 참외인데 당도선별 성주참외 라길내 시켜봤어요ㅎㅎ생각했던 것보다 더 달고 맛있어서 매일 하나씩 잘 먹었네요~만족합니다^^

먹는 방법은 그냥 깎아먹기도 했구요~요거트아이스크림에 다른 과일들이랑 블루베리랑 올려서 요아정처럼 먹기도 했는데 시켜먹는 것보다 훨씬 건강한 맛이예요ㅎㅎ추천합니다ㅎㅎ

그리고 유명한 참외샐러드 레시피로도 도전해봤는데, 참외 속 파내고 얇게 자르긴 했는데 껍질을 좀 더 남기고 잘라야 더 이쁜데 아쉽네요ㅠㅠ

참외샐러드 소스 레시피는
참외 속 파낸 것 짜낸 즙에
올리브오일 1.5T
레몬즙 1.5T
알룰로스 1T예요^^ 맛있다는 후기글이 많아서 믿고 구매했어요
가족모임때라 더 신경쓰였는데 맛있어서 다행~
달고 아삭아삭 딱 참외다운 참외
재구매 해야죠",https://img-cf.kurly.com/hdims/resize/%3E720x/quality/90/src/shop/data/goodsview/20210128/gv10000155292_2.jpg,FALSE,FALSE,FALSE
6,none,https://product-image.kurly.com/hdims/resize/%5E%3E360x%3E468/cropcenter/360x468/quality/85/src/product/image/4b1f803a-f002-4f8f-aa4c-1ac268082d44.jpg?v=0531,[KF365] 국산 블루베리 200g (특),12900,none,Fruits,"블루베리는 한입에 쏙 들어가는 크기 덕분에 아이 어른 모두 좋아하는 과일이죠. 이번에는 국내 농가에서 재배한 블루베리를 준비했어요. 흐르는 물에 가볍게 씻어 먹으면 되니 무척 간편하고요. 살짝 깨물면 톡 하고 터지며 달달한 과즙이 은은하게 배어 나온답니다. 아담한 양을 담아 드리니, 마지막까지 신선하게 즐길 수 있을 거예요.",,,,,https://product-image.kurly.com/hdims/resize/%5E%3E360x%3E468/cropcenter/360x468/quality/85/src/product/image/4b1f803a-f002-4f8f-aa4c-1ac268082d44.jpg?v=0531,"눈에 좋다는 블루베리 컬리상품은 언제나 믿을 수 있어서 구매했어요.

과육 단단하고, 상처나거나 무른거 없이 균일한 크기의 블루베리입니다.

맛 또한 달달하고, 식감 또한 무르지않고, 신선함이 그대로 살아있어요.

아이들 식탁위에 올려놓으니, 아이들이 왔다갔다하면 알아서, 손에 쏙쏙넣으면 잘 먹습니다.

건강한 간식으로 줄 수 있어서, 뿌듯합니다.

컬리 과일 믿고 먹을 수 있게 좋은상품 보내주셔서 감사합니다. 고3 딸 간식으로 KF365 국산 블루베리를 구매해봤어요. 요즘 스트레스도 많고 피곤해 보이는데, 
몸에 좋은 간식을 챙겨주고 싶더라고요. 
배송 상태도 좋고, 열어보니 블루베리 상태가 아주 
싱싱했어요. 알도 크고 단단해서 보기만 해도 건강해지는
 느낌이랄까요~ 딸도 공부하다 한 알씩 집어먹는데, 
너무 맛있다며 금세 한 통을 비우더라고요. 
인공적인 단맛이 아니라 자연스러운 새콤달콤함이라 
간식으로도 부담 없고, 국산이라 안심돼서 더 좋았어요. 간편하게 씻어서 바로 먹을 수 있고, 공부하는 아이에게 
건강하게 에너지 보충해줄 수 있는 최고의 간식이에요. 
앞으로도 꾸준히 구매할 생각입니다.~ ^^",https://img-cf.kurly.com/hdims/resize/%3E720x/quality/90/src/shop/data/goodsview/20230329/gv40000561325_2.jpg,FALSE,FALSE,FALSE
7,none,https://product-image.kurly.com/hdims/resize/%5E%3E360x%3E468/cropcenter/360x468/quality/85/src/product/image/4436fdec-039d-4683-b8f3-7ebf677ad190.jpg,[KF365] 대추방울토마토 750g,6990,none,Fruits,"붉게 영근 대추방울토마토는 대추처럼 살짝 길쭉한 생김새와 단단한 과육을 지녔는데요. 씹을수록 톡톡 터지는 과즙은 금세 입안을 싱그럽게 채워줍니다. 붉은 한 알에 풍부한 맛과 영양을 오롯이 품은 대추방울토마토를 신선하게 전해드릴게요. 평소 방울토마토를 간식, 샐러드, 주스 등으로 꾸준히 드시는 분이라면 손쉽게 담아가 보세요. 여러 가지 메뉴에 알맞게 활용하기 좋은 양이랍니다.",,,,,https://product-image.kurly.com/hdims/resize/%5E%3E360x%3E468/cropcenter/360x468/quality/85/src/product/image/4436fdec-039d-4683-b8f3-7ebf677ad190.jpg,"피자, 타코 만들어 먹으려고 주문했어요.
신선한 방울토마토 듬뿍 넣어 먹으니 완성도가 높아져서 밖에서 파는 것만큼 맛있게 만들어졌어요. 
채소를 미리 손질해두면 바쁜 아침에 만들기도 좋아요.

1. 에어프라이어로 치킨 가라아게 익히며
2. 루꼴라, 방울토마토, 양파 등 각종 채소 썰고
3. 가볍게 구운 또띠아 위에 모조리 올려요.
4. 치즈, 소스 올려 말거나 접어서 맛있게 먹어요. 

소스는 스위트칠리, 머스타드, 샐러드소스 등 집에 있는 소스 뭐든 잘어울려요. 

가벼운 술안주로도 제격이라 맥주 마실 때는 피자처럼 만들어서 먹어요. 

토마토파스타 만들 때도 시중소스 사용하는 것보다 방울토마토를 썰어넣으면 감칠맛이 훨씬 좋아요 탱글탱글하구 맛있는 토마토 ! 
스테비아 아닌데도 맛있어요 🍅

건강식으로 먹고 있는 요즘 토마토는 사랑이예요 🍅🤍


✔️ 새송이 쉬림프 샐러드 파스타 recipe / 
1. 채소 잘 씻어서 
2. 버터오ㅏ 올리브유에 다진마늘, 새송이 버섯이랑 새우 넣어서 맛술,굴소스아주조금, 후추, 페퍼론치노 뿌려서 구워준다
3. 파스타면 아무거나 하나 삶아둔다 
4. 방토 , 삶은 병아리콩, 노슈가 옥수수콘, 삶은 무항생제 달걀 손질해서 올리구 
5. 컬리에서 산 저당 샐러드소스 뿌려주고
6. 치즈갈갈 뿌려주면 꿑 🤍

건강하고 든든한 한끼 완성 ✨

+ 새우랑 새송이 버터랑 굴소스에 볶아 드셔보세유 짱맛",https://img-cf.kurly.com/hdims/resize/%3E720x/quality/90/src/shop/data/goodsview/20201230/gv10000147972_2.jpg,FALSE,FALSE,FALSE
8,none,https://product-image.kurly.com/hdims/resize/%5E%3E360x%3E468/cropcenter/360x468/quality/85/src/product/image/30b30de4-14f7-438a-844d-604b5a2acde9.jpg,세척사과 1.4kg (6~7입),14900,none,Fruits,"아침을 여는 과일로, 또는 식후 디저트로 사과를 즐겨 찾는 분들 많으실 텐데요. 더욱 더 간편하게 드실 수 있는 세척사과를 소개할게요. 잘 익은 국산 사과를 오존수로 깨끗하게 세척해 개별 포장했답니다. 따로 씻을 필요 없이 포장만 뜯으면 껍질째 먹을 수 있어 무척 간편하지요. 일반 사과에 비해 아담한 사이즈로 선별해, 한번에 먹기도 알맞답니다. 바쁜 아침이나 피크닉 등 야외에 챙겨가기에도 안성맞춤일 거예요.",,,,,https://product-image.kurly.com/hdims/resize/%5E%3E360x%3E468/cropcenter/360x468/quality/85/src/product/image/30b30de4-14f7-438a-844d-604b5a2acde9.jpg,"아침마다 간단하면서도 신선한 음식을 먹고 싶다면, 세척사과로 만든 아침 샐러드를 
추천해요. 사과의 달콤한 맛과 아삭한 식감, 부드러운 요거트가 어우러져 누구나 부담 없이 즐길 수 있는 메뉴예요. 특히 세척사과를 사용하면 껍질째 섭취할 수 있어 더욱 간편하고 영양까지 챙길 수 있어요!

✅사과 샐러드 만들기 (1~2인분 기준)
✔️필요한 재료
세척사과 1개
양배추 1/4통
요거트 100g
블루베리 한 줌
소금 한 꼬집
후추 약간
레몬즙 1큰술
꿀 (또는 알룰로스) 1큰술

✅사과 샐러드 만드는 방법

1. 사과와 양배추 손질하기
세척사과는 껍질째 사용할 수 있어요.양채부를 깨끗이 씻은 후 얇게 채 썰어 준비해요.

2. 샐러드 재료 담기
넓은 그릇에 양배추, 사과, 블루베리를 올려요. 블루베리는 톡톡 터지는 식감과 상큼한 맛을 더해줘요.

3. 요거트와 드레싱 더하기
그 위에 요거트를 부어주세요. 요거트가 재료들과 잘 어우러지도록 살짝 섞어주면 좋아요.

4. 마무리 양념하기
마지막으로 소금, 후추를 약간 뿌리고, 레몬즙과 꿀(또는 알룰로스)을 골고루 뿌려주면 완성!

✅사과 샐러드의 맛과 식감

1. 아삭한 사과와 부드러운 요거트의 조화
사과의 신선한 단맛과 아삭한 식감이 요거트의 부드러움과 잘 어우러져요. 여기에 블루베리가 상큼한 포인트를 더해줘 더욱 맛있어요.

2. 은은한 단맛과 새콤한 풍미
꿀(또는 알룰로스)의 자연스러운 단맛과 레몬즙의 산미가 더해져 새콤달콤한 맛의 균형이 완벽해요.

3. 담백하면서도 감칠맛 있는 마무리
소금과 후추가 가미되면서 전체적인 맛을 깔끔하게 정리해 주는 역할을 해요. 은은한 감칠맛 덕분에 더 맛있게 즐길 수 있어요.

보기만 해도 신선함이 느껴지는 샐러드! 아삭한 과일과 야채에 요거트가 자연스럽게 감싸주면서 고급스러운 비주얼까지 완성됩니다. 
샐러드는 아침에 준비해서 바로 먹는 게 좋아요! 사과는 시간이 지나면 갈변하기 때문에 조리 후 바로 먹는 게 가장 맛있어요.
추가로 호두나 아몬드를 올려주면 더욱 고소하고 든든한 샐러드가 돼요.
그리고 바나나, 딸기 등과 함께 넣으면 더욱 다양한 맛을 즐길 수 있어요.
아침에 가볍게 먹기 딱 좋은 샐러드예요. 준비 과정도 간단해서 바쁜 아침에도 5분이면 완성 가능! 신선한 과일과 요거트가 만나 상큼하면서도 건강한 한 끼를 완성해 줘요. 특히 다이어트 식단이나 건강식을 찾는 분들께 강력 추천합니다! 😊",https://img-cf.kurly.com/hdims/resize/%3E720x/quality/90/src/shop/data/goodsview/20230105/gv40000474301_2.jpg,FALSE,FALSE,FALSE
9,none,https://product-image.kurly.com/hdims/resize/%5E%3E360x%3E468/cropcenter/360x468/quality/85/src/product/image/69786586-d752-4a44-8e6c-79d655faa505.jpg,[KF365] 당도선별 수박 4kg 이상,15900,none,,"맛 좋은 수박을 고르는 일은 생각보다 까다로운데요. 전국 각지의 유명 수박 산지에서 그때그때 맛이 잘 든 수박만 골라 준비했어요. 비파괴 센서로 11 brix 이상의 원물만 선별했죠. 속까지 탐스럽게 익은 수박을 신선한 상태 그대로 배송해드리니, 냉장고에 잠깐 두었다가 시원하게 즐겨보세요.",,,,,https://product-image.kurly.com/hdims/resize/%5E%3E360x%3E468/cropcenter/360x468/quality/85/src/product/image/69786586-d752-4a44-8e6c-79d655faa505.jpg,"요즘 날씨가 더워지다 보니 아이들이 과일을 더 자주 찾게 되더라고요. 그래서 수박 한 통 주문해봤는데, 정말 괜찮아서 이렇게 후기를 남깁니다.
우선 배송 상태가 아주 좋았습니다. 수박 전용 박스(수납용으로 써도 될 만큼) 포장이 튼튼하게 되어 있어서 흔들림 없이 안전하게 도착했어요. 인터넷 주문 과일은 받기 전 까지 불안한데, 컬리 과일은 항상 만족합니다. 

크기는 약 4kg 정도로 너무 크지 않아 냉장고에 넣을 때, 락앤락통 수박 전용 통에 사각 깍둑썰어 넣으면, 아이들도 스스로 꺼내 먹고, 수박 껍질 한번만 처리 하니 좋더라구요. 

칼로 자르자마자 안쪽 과육이 예쁘게 빨갛게 익어 있었고, (무르거나 안 익은곳 없이 골고루 예쁜 빨강)
당도도 기대 이상이었습니다. 물렁하지 않고 아삭한 식감이 살아 있어요.
수박 안쪽 뿐 아니라, 겉쪽까지 맛이 잘 들어 있어서 마지막 한 조각까지 버릴 게 없었어요.

무엇보다 과즙이 풍부하면서도 물컹거림 없이, 시원하게 깔끔한 단맛이라 입안이 개운했어요. 저는 수박이 너무 달기만 하면 금방 질리는데, 이건 달면서도 시원한 느낌이 나서 질리지 않고 먹을 수 있었습니다. 냉장고에 넣어뒀다가 저녁에 온 가족이 둘러앉아 먹으니 여름 분위기가 물씬 났고요.

포장, 크기, 맛, 식감까지 전반적으로 균형이 잘 맞았고, 믿고 다시 주문할 게요. 여름철 가족 간식으로 강추해요.",https://img-cf.kurly.com/hdims/resize/%3E1010x/quality/90/src/shop/data/goodsview/20230922/gv10000728172_1.jpg,FALSE,FALSE,FALSE
10,none,https://product-image.kurly.com/hdims/resize/%5E%3E360x%3E468/cropcenter/360x468/quality/85/src/product/image/b5afa0d9-0d39-424a-b4aa-df14e290244e.jpg,[Kurly's] 동물복지 백색 유정란 20구,8670,none,,"컬리가 고른 동물복지 유정란, 이번엔 백색란으로 만나보세요. 마음 놓고 넉넉하게 즐길 수 있는 컬리의 동물복지 백색 유정란 20구를 소개할게요. 양계 분야의 전문가로 손꼽히는 브랜드 조인과 컬리가 함께 기획한 동물복지 달걀입니다. 닭의 스트레스를 줄여주는 쾌적한 환경을 제공함은 물론, 항생제나 산란 촉진제는 일절 사용하지 않았어요. 까다로운 동물복지 인증과 무항생제 인증까지 모두 획득한 달걀이니 믿고 드셔도 좋습니다. 여기에 하얀 달걀이 주는 깨끗함까지 함께 담아가 보세요.",,,,,https://product-image.kurly.com/hdims/resize/%5E%3E360x%3E468/cropcenter/360x468/quality/85/src/product/image/b5afa0d9-0d39-424a-b4aa-df14e290244e.jpg,"건강식 한다고 컬리 주문할때마다 주문하는 편이에요.
밥솥에 맥반석 계란 만들어 먹기도 하고,
중국식? 튀기듯이 후라이해서 부추 비빔밥도 만들어 먹어요.
계란 노른자 특유의 냄새때문에 계란은 흰자만 먹는데요. 노른자에 좋은 성분이 많다고 해서 스크램블이나, 지단으로 만들어서 먹었어요.
청란이나, 백란은 흰자도 탱글탱글 담백하면서
노른자에서 특유의 냄새가 나지 않아서.. 한번 먹어본 이후로 쉽게 구매할수 있는 컬리에서 주문하는 편이에요. 16개월된 조카도 좋다는 1개 천원 이상하는 계란도 스크램블 말고는 계란 안먹는데.. 맥반석 계란 만들어가면 엄청 잘먹어요.

맥반석 계란만드는 방법은
상온에 둔 후 밥솥에 물 종이컵 두컵 넣고, 굵은 소금
1티스푼 넣고 채반 넣고 세척한 계란 넣고, 찜으로 취사하고, 물 종이컵으로 한컵 넣고, 취사한 후 찬물에 씻어서 열기 빼주면 됩니다.

샌드위치 레시피는
오이 씨 제거 해서 총총 썰어 굵은 소금에 절여서
씻은 후 물기를 완전히 제거해줍니다.
피클 씻어서 다진 후 물기 제거해도 됩니다.
감자 끓는물에 소금 넣고, 삶은 후에 건져서
포크로 으깨주세요. 양파는 다져서 찬물에 넣어
매운기 빼주고, 당근 채썰어서 볼에 넣은 후
마요네즈, 후추, 올리고당 넣고 버무려주면 완성입니다. 모닝빵 1/4칼집 넣어서 슬라이스한 사과, 슬라이스치즈 넣고 위에 만든 에그샐러드 넣어주심 완성입니다.
토마토 있음 같이 넣어주셔도 상큼하니 맛있을꺼 같아요.
한통 만들어 놓고 출근전, 브런치로 딱입니다.
저는 빵 안좋아하는데.. 엄마랑 새언니가 이 조합 좋아해서.. 본가, 오빠집 갈때 백란 주문해서 맥반석 계란 만들어서 가지고가요.
옥수수콘, 햄, 크레미 추가하면 더 맛있어요.
마카로니 넣고 만들면 빵 없이 드실수 있어요.

날은 더운데.. 밥은 먹어야 할때 조인성님의 레시피인
부추비빔밥 만들어 먹었어요.
계란 완숙으로 튀기듯이 구워서..
대부분 반숙일텐데ㅠ
밥, 부추 총총썬거, 엄마표 소고기볶음고추장,
참기름 넣고. 계란 후라이해서 맛있게 먹었네요.

방학이라 급식이 안나와서 집에 있는 재료로 김밥싸서
점심으로 먹었어요. 계란지단해서 집에 있는재료로 
김밥싸갔는데.. 동료분들이 궁금해하셔서.. 나눠먹었는데.. 맛있다네요.",https://img-cf.kurly.com/hdims/resize/%3E720x/quality/90/src/shop/data/goodsview/20191023/gv40000065665_2.jpg,FALSE,FALSE,FALSE
11,none,https://img-cf.kurly.com/hdims/resize/%5E%3E360x%3E468/cropcenter/360x468/quality/85/src/shop/data/goods/1592378735251l0.jpg,당도선별 흑미 수박 2종,29900,none,,수박' 하면 보통 초록색 껍질에 선명하게 나 있는 줄무늬를 떠올리실 텐데요. 지금 선보이는 수박은 일반 수박과는 다른 특별한 비주얼을 뽐냅니다. 흑미 수박은 윤이 나는 까만 껍질을 지닌 매력적인 수박이에요. 반을 갈랐을 때 모습을 드러내는 새빨간 과육 또한 높은 당도를 자랑합니다. 달달한 과즙과 풍성한 수분을 머금은 자연의 선물로 이 계절을 더욱 시원하고 건강하게 누려보세요.,,,,,https://img-cf.kurly.com/hdims/resize/%5E%3E360x%3E468/cropcenter/360x468/quality/85/src/shop/data/goods/1592378735251l0.jpg,"과일은 컬리 인정!!

임신한 와이프가 갑자기 수박이 먹고싶다고해서 새벽배송으로 쿠*을 보다가 비싸도 컬리가 맛은 보장되겠다싶어 후기도 꼼꼼히 보고 흑미수박으로 주문했는데 기대 이상이네요
시원하게 먹을려고 출근할때 냉장고에 넣어두고 퇴근해서 저녁에 먹었는데 와이프가 엄지척을 날려주네요ㅋ
당도는 말할것도 없고 처음먹어보는 흑미 수박인데 특유의 아삭함도 있고 씨도 많이 없고 자르면서 당도가 떨어지는 껍질쪽을 먼저 한입 먹었는데 이건 찐이다 싶더라구요
귀찮아서 후기 잘안쓰는데 맛있는 수박먹고 와이프한테 칭찬들으니 기분좋아서 쓰게되네요ㅋ
좋은 수박 맛있는 수박을 찾으시는 분이라면 강력추천합니다 
한번 먹어보면 이 가격이 아깝지 않으실꺼예요
금방 다 먹을꺼같은데 또 주문하라고 할꺼 같네요.  딸이 수박을 엄청좋아하는데
요즘 수박노래를 불러서 마음 크게먹구 샀어요
비싸서 맛이 없음 어떻하나 걱정이 컸는데 수박컷팅 하면서 먹어본결과~~넘 맛있네요♡
수박 컷팅하믄서 진짜 계속 내입속에 넣었어요♡",https://img-cf.kurly.com/hdims/resize/%3E720x/quality/90/src/shop/data/goodsview/20200617/gv40000101697_2.jpg,FALSE,FALSE,FALSE
12,none,https://product-image.kurly.com/hdims/resize/%5E%3E360x%3E468/cropcenter/360x468/quality/85/src/product/image/23a32590-9613-4fe4-b563-f2d5d9a59b25.jpg,[KF365] 훈제오리 2종 (2입),6770,none,,"매일 부담 없이 먹을 수 있는 밥반찬을 고민하셨다면, 컬리가 소개하는 훈제오리를 만나보세요. 신선한 국내산 오리만 엄선해 은은한 훈연을 입혔어요. 야들야들한 식감에 감칠맛이 배어 살짝만 구워도 풍미가 일품이지요. 한 번에 먹기 딱 좋은 양을 담아 두 팩으로 나누어 포장했으니, 간편하게 즐겨보세요. 간단한 밥반찬이나 도시락 반찬은 물론, 샐러드의 토핑이나 월남쌈의 속재료 등 활용법이 무궁무진하답니다.",,,,,https://product-image.kurly.com/hdims/resize/%5E%3E360x%3E468/cropcenter/360x468/quality/85/src/product/image/23a32590-9613-4fe4-b563-f2d5d9a59b25.jpg,"남자친구랑 여행 가서 훈제오리 월남쌈 만들어 먹었어요. KF365 훈제 오리 300g 두 팩, 손질 생새우살, 파프리카, 깻잎, 오이, 부추, 당근, 방울토마토, 크래미, 당근, 달걀, 쌈무, 무순, 파인애플 등 월남쌈 재료는 다양할수록 맛있으니 최대한 여러 가지 재료를 이용해 만들었어요. 훈제오리, 새우, 달걀지단 굽고 나머지 재료는 길이 맞춰 칼질해 접시에 예쁘게 플레이팅 하면 완성되는, 간단하지만 은근히 손이 많이 가는 요리죠. 그래도 알록달록 정갈하게 완성된 월남쌈을 보면 먹기도 전에 기분이 좋아져요. 라이스 페이퍼 위에 잘 구운 훈제오리 한점 올리고 취향대로 재료 넣어 돌돌 싸서 먹으니 너무 맛있었어요. 피쉬 소스, 칠리 소스, 피넛 소스 등 다양한 소스는 월남쌈 먹는 재미를 더해주는 것 같아요. 직접 싸먹는 과정이 번거로워서 남자친구가 좋아할 지 살짝 걱정이었는데 저보다 더 맛있게 먹어서 음식 만든 제가 더 기뻤네요. 같이 이것저것 조합해 천천히 싸먹으며 대화도 많이 할 수 있어서 즐거운 식사였습니다. 조만간 또 한 번 해먹으려고 해요!

참고로 사진 속 훈제오리는 300g 두 팩 모두 구운 양입니다. 제가 한 팩 먼저 굽다가 살짝 태워서 남자친구가 남은 한 팩 적당히 맛있게 구워 덮은 양이에요. 두 명이 부족함 없이 넉넉하게 먹을 수 있었던 양이었어요.",https://img-cf.kurly.com/hdims/resize/%3E720x/quality/90/src/shop/data/goodsview/20220520/gv00000318076_2.jpg,FALSE,FALSE,FALSE
13,none,https://img-cf.kurly.com/hdims/resize/%5E%3E360x%3E468/cropcenter/360x468/quality/85/src/shop/data/goods/1653035519444l0.jpeg?v=0418,[거대곰탕] 곰탕,11400,none,,"한국인에게 밥심 못지않게 중요한 것이 뜨끈한 국물의 힘입니다. 곰탕 한 그릇에 밥 말아 먹으면 속이 든든하게 채워져 오래 허기지지 않지요. 한우를 넣고 푹 끓이는 원리는 참으로 간단해 보이지만, 곰탕은 오랜 시간 공들여야만 시간의 맛이 제대로 밴 국물이 우러나요. 컬리가 부산을 대표하는 맛집 '거대곰탕'의 곰탕을 소개하는 까닭도 마찬가지예요. 좋은 한우로 정성껏 끓여 만든 국물 맛이 남다르기 때문이지요. 이곳은 한우 사골과 소스지 등을 정성껏 끓여 곰탕을 완성하는데요. 국물의 진한 감칠맛과 사태, 양지가 부드럽게 씹히는 맛이 일품이랍니다. 한번에 먹기 좋게 500g씩 포장했으니, 이제 집에서도 간편하게 거대곰탕을 맛보세요.",,,,,https://img-cf.kurly.com/hdims/resize/%5E%3E360x%3E468/cropcenter/360x468/quality/85/src/shop/data/goods/1653035519444l0.jpeg?v=0418,"해운대 거대곰탕이 엄청 맛있다고 소문이 났는데,
마켓컬리에서도 거대곰탕을 판매해서 맛이 궁금해서 구입해봤습니다. 
마켓컬리 빠른배송 아주 마음에 들어요.
주문 후 바로 다음날 새벽에 배송 도착했어요.

거대곰탕은 도착하자마자 냉동실에 얼려뒀어요.
냉동보관 식품이라서 그런지 유통기한이 1년정도로 길어서 냉동실에 넣어놓고 두고두고 먹기 괜찮네요.

거대곰탕은 조리방법이 아주 간단했어요.
먹기 하루전에 미리 냉동실에 있는 거대곰탕을 꺼내서 냉장고로 옮겨서 해동해줍니다.

그리고 냄비에 곰탕을 넣고 끓여줍니다.
곰탕이 팔팔 끓으면 그릇에 덜어주면 됩니다.

저희 부부는 평소에 엄청 많이 먹는 편은 아닌데,
저희 부부 기준으로 곰탕 하나로 2인 나눠서 먹기 양 괜찮았어요.

거대곰탕이 확실히 다른 곰탕에 비해 국물이 아주 진하네요. 기름기도 덜한거 같더라고요.
고기도 큼직하게 듬뿍 들어있는데 질기지 않고 부드럽고 맛있었어요.
곰탕 간은 되어 있는 편이라 별도로 간을 하지 않고 먹기 좋았답니다. 국물이 진하고 정말 맛있었어요. 밥 말아먹거나 떡국떡 넣고 끓여서 먹으면 더욱 맛있을듯 해요. 해운대 거대곰탕 식당에서 먹으려면 가격이 비싼데 마켓컬리에서 할인할때 구입해서 먹으면 가격 부담도 덜하고 좋네요. 맛있어서 다음에 또 구입해서 먹고 싶습니다. ",https://img-cf.kurly.com/hdims/resize/%3E720x/quality/90/src/shop/data/goodsview/20210823/gv20000217433_2.jpg,FALSE,FALSE,FALSE
14,none,https://product-image.kurly.com/hdims/resize/%5E%3E360x%3E468/cropcenter/360x468/quality/85/src/product/image/3e008127-6ccd-4934-a907-c4ecaf49852c.jpg,[2개 구매시 45%할인][델리치오] 와규 함박 스테이크 3종,6875,none,,"그대로 구워 주기만 하면 완성되는 함박 스테이크는 더없이 든든한 식재료인데요. 이번에는 델리치오의 함박 스테이크를 만나보세요. 다른 고기와 섞지 않고 오로지 호주산 와규만을 사용해 완성했는데요. 덕분에 부드러운 육질과 육즙을 그대로 머금고 있어, 와규 본연의 맛과 육향이 잘 느껴져요. 오리지널부터 트러플, 토마토치즈까지 다양하게 준비했으니, 취향에 따라 골라 보세요. 근사한 한 끼 식사는 물론, 햄버거나 샌드위치의 재료로도 두루 쓰기 좋답니다.",,,,,https://product-image.kurly.com/hdims/resize/%5E%3E360x%3E468/cropcenter/360x468/quality/85/src/product/image/3e008127-6ccd-4934-a907-c4ecaf49852c.jpg,"함박스테이크를 너무 좋아하는데 와규라니!!! :-)
너무 상품평도 좋고 맛있어 보여서 구매했어요!
냉동제품이였지만 먹기 전날 부터 냉장으로 옮겨서 해동을 했고
해동이 잘 된 와규 함박 스테이크를 에어프라이어 180도로 예열 후
10분정도 조리하다가 프라이팬으로 옮겨서 구웠습니다!ㅎㅎ
아무래도 두께가 있는 고기이다보니.. 프라이팬에 그냥 구우면 탈 것 같아서
안쪽을 익히기 위해 에어프라이어로 조리를 먼저하고 프라이팬에 옮겼는데
중약불로 하니 살짝 탔어요..ㅎㅎ 근데 맛있게 탄..
양념때문에 양념갈비 그을리듯이 그을렸고 안쪽까지 잘 익어서
너무너무 맛있게 잘 먹었습니다!ㅎㅎ
가족들도 다 맛있다고 극찬했어요!~ 고기냄새도 전혀 나지 않고
부드럽고 도톰해서 정말 맛있었어요 ^.^와규함박 토마토치즈 버전이 너무 궁금해서 주문해봤어요.

요리전엔 기존 와규함박과 다른점이 없는 것 같아 뭐가 다른거지? 하고 의문을 가졌는데 맛을 보니 완전히 다른 제품인데 맛있었어서 너무 추천하는 상품입니다~

신상품인지 리뷰가 많진 않았지만, 기존 와규 함박을 믿고 구매했는데 실패없는 상품이네요

프라이팬으로 조리할땐 기름이 많이 나와서 조금 힘들었지만 남은 한조각은 에어프라이어에 구워보니 너무 편리했어요

토마토 치즈맛은 반찬보단 다른 요리로  더 잘 어울릴 것 같아서 토마토 스파게티랑 같이 즐겨보았어요
토마토 맛도 은은히 나면서 끝 맛엔 치즈 맛이 감돌아 은근히 중독되는 맛이었습니다

조리할때 천천히 약불에 구우라는 후기를 참고해서 약불에 오랜 시간 구워주니 속까지 잘 익어서 스파게티랑 같이 맛있게 먹었어요

컬리에만 있는 제품이 많아서 자주 사용하는데 다음에도 또 구매해볼게요 추천합니다~",https://img-cf.kurly.com/hdims/resize/%3E720x/quality/90/src/shop/data/goodsview/20240304/gv20000803883_2.jpg,FALSE,FALSE,FALSE
15,none,https://product-image.kurly.com/hdims/resize/%5E%3E360x%3E468/cropcenter/360x468/quality/85/src/product/image/11f8dda6-b802-4ad8-a675-d55d8ea18c38.jpeg,[신선설농탕] 고기 설렁탕,6825,none,,"40년 이상을 한결같은 정성으로 대접해온 신선설농탕의 고기 설렁탕을 컬리에서 만나보세요. 매장과 동일한 레시피로 조리하여 집에서도 따끈한 설렁탕을 간편하게 즐길 수 있답니다. 양지와 사골을 우려내 깔끔하면서도 담백한 맛이 매력적이에요. 양지고기는 따로 포장하여 보내드리니, 한소끔 끓인 설렁탕에 얹어 드셔 보세요. 시원한 김치나 깍두기까지 곁들이면 든든한 한 상이 금세 완성될 거예요. ",,,,,https://product-image.kurly.com/hdims/resize/%5E%3E360x%3E468/cropcenter/360x468/quality/85/src/product/image/11f8dda6-b802-4ad8-a675-d55d8ea18c38.jpeg,"신선고기설농탕 우리집 최애 밀키드예요!!

재료 : 신선설농탕 냉동만두 대파

저는 미리 냉장실에서 해농시킨 뒤에 조리를 해요. 그럼 육수랑 고기가 조금 더 부드러운 느낌이 들어서 좋더라구요.

육수를 냄비에 넣은 뒤 보글보글 끓이고, 냉동 손만두 5알 넣고 보글보글 끓입니다. 그리고 고기도 함께 넣고 끓여요.

그리고 대파 송송 썰어서 한소끔 끓여내면 밥도둑 고기만두설농탕이 됩니다. 특히 신선설농탕은 고기 양이 많아서 아이들 먹기에도 너무 좋아요.

뽀얀 육수에 밥한공기 말아서 먹어도 너무 맛있어서 아이들 식사, 주말 식사로 만족합니다. 만두 대신 떡국떡도 넣어서 끓여서 먹어도 좋구요 국수사리 삶아서 넣어드셔도 맛있어요.

든든한 식사로 신선설농탕 추천합니다💜 컬리 최고 식사템이예요❤️ 설날을 맞이해서 떡국을 하기위해 국물베이스를 찾다가 맛있는 고기설렁탕으로 주문해서 만두와 떡을 넣고 끓였더니 고기도 푸짐하고 간편하게 끓일수있어서 너무 좋았습니다. 

해동도 편하고 깔끔한맛에 고기도 따로있어 어느정도 끓인후에 따로 넣어주면 되니 좋았어요! 크기도 크고 양도 많아 놀랐습니다. 

양지고기도 넣고 집에있는 냉동떡과 만두넣어서 간편하게 끓이고 고명까지 얹어서 하니까 연초부터 푸짐하게 잘먹었어요👍

만두없이 그냥 단독으로 맛봐도 맛있었습니다. 고기가 푸짐해서.국물만있는 사골들보다 훨씬 든든하고 좋았습니다. 🧡

처음은 국물만 필요해서 구매해봤는데 국물도 진하고 고기도 좋아 앞으로 자주 이용할 템으로 자리잡겠네용!  장바구니에 자주 넣을께용 👍",https://img-cf.kurly.com/hdims/resize/%3E720x/quality/90/src/shop/data/goodsview/20211115/gv00000243048_2.jpg,FALSE,FALSE,FALSE
16,none,https://product-image.kurly.com/hdims/resize/%5E%3E360x%3E468/cropcenter/360x468/quality/85/src/product/image/8b074ee5-8268-461b-891a-23f017584596.jpg,[귤로장생] 제주 하우스 감귤 1kg ,22900,none,,"감귤은 특유의 달콤함으로 기분까지 좋게 만들어주죠. 제주농협의 통합 브랜드, 귤로장생이 맛 좋은 감귤을 엄선해 준비했습니다. 꼼꼼한 선별을 통해 새콤달콤한 맛이 눈으로도 느껴질 만큼 탐스럽게 익은 감귤인데요. 겉껍질을 벗기면 상큼한 귤향기가 느껴져요. 작은 조각을 입 안에 쏙 넣고 깨물면 새콤달콤한 과즙이 함뿍 터져나옵니다. 생과일은 물론, 디저트의 토핑으로도 제격일 거에요.",,,,,https://product-image.kurly.com/hdims/resize/%5E%3E360x%3E468/cropcenter/360x468/quality/85/src/product/image/8b074ee5-8268-461b-891a-23f017584596.jpg,"귤 안 좋아했었습니다 이 친구를 만나기 전까진
일년에 하나 먹을까 말까합니다,,
저희 아이도 저를 쏙 닮아 귤 안먹습니다..
놀이터에서 놀다 얻어 먹은 귤 하나가 너무 맛있었어서
컬리에서 한통 구매해보았습니다..
아이랑 둘이 세통째 먹고 있습니다,,,ㅎ

입 짧은 저희 아이 앉은 자리에서 대여섯개는 먹네요. 
처음 시켰을 때 보다 단맛이 떨어진 편이나
냉장고에 넣어뒀다가 시원하게 해서
까먹으면 시원하고 적당히 달달한게
놀이터에서 뛰어 놀고 와서 샤워하고 먹으면 ..😇
여름 귤 정말 맛있네요..🧡 귤로장생 하우스 감귤 후기가 좋아 시켜봤어요 

-포장 
아침 출근 시간에 컬리 박스 뜯었고, 아이스팩이 녹기 전이었습니다. 아이스팩 아래에 귤 플라스틱 상자가 들어있었고 귤은 상처나거나 무른것 없이 잘 도착했어요. 

-맛
보기에 푸른 청색이 많아 걱정을 많이 했어요. 
덜 익은게 아닐까 ? 달지않고 시기만 하면 어쩌지 ? 
그런데 웬걸 ? 
껍질 깔때부터 상큼상큼한 귤 향이 팡팡 퍼지면서 
한입 먹어보니 보기와는 다르게 , 시지않고 엄청 달았어요 
겉모습만 보고 실까 걱정했던게 미안할 정도로 맛있어요
왜 후기가 좋은지 알겠어요. 

-활용
1. 그냥 먹어도 짱짱 맛있어요 
2. 요거트에 다른 과일들과 곁들여 먹어도 맛있어요
3. 샐러드에 올려먹어도 상콤달콤 하니 맛있어요 

다음에 귤 생각나면 또 시켜먹을 것 같아요 !",https://img-cf.kurly.com/hdims/resize/%3E720x/quality/90/src/shop/data/goodsview/20230120/gv30000479558_2.jpg,FALSE,FALSE,FALSE
17,none,https://img-cf.kurly.com/hdims/resize/%5E%3E360x%3E468/cropcenter/360x468/quality/85/src/shop/data/goods/165847249394l0.jpg,[제스프리] 뉴질랜드 그린키위 1kg (8~13입),9990,none,,"입안에서 새콤달콤한 맛이 감도는 그린키위, 제스프리의 그린키위와 함께라면 한 알로도 만족스럽게 즐길 수 있을 거예요. 그대로 베어물어 상큼한 맛과 부드러운 식감을 즐겨보아도 좋고요. 주스, 스무디 등을 만들거나 고기 양념으로 활용하기에도 손색이 없답니다. ",,,,,https://img-cf.kurly.com/hdims/resize/%5E%3E360x%3E468/cropcenter/360x468/quality/85/src/shop/data/goods/165847249394l0.jpg,"아주 단단하고 육즙도 달달해요 골드키위도 그린키위 좋아하는데 특히 컬리 그린 키위는 언제 시켜도 신선합니다 
저속노화 식단에서 제일 상큼한 존재라 애정합니다 제스프리 뉴질랜드 그린키위🥝🥝

저는 새콤달콤한 맛을 좋아하는 편이라
골드키위보다 그린키위 파인데요^^

제스프리면 뭐 그냥 믿고 구매하지요~~~☺️😍☺️

성인 여성 (매우 작은손 기준) or 초중학생 주먹만한 키위가 10-12?개 정도 들어있어요.
상태는 물론 엄청 신선하고요~
껍질도 휘리릭 잘 까지고
과육도 탱글합니다.

우선 맛은 새콤 달콤 정석 그린키위 맛이에요^^
너무 시지 않은!
딱 키위의 정석 맛이요~~

익힘 정도도 딱 좋더라고요😉

1일 1키위하니 화장실도 더 잘 가고
피부도 밝아지는 건 덤이겠죠~?❤️❤️

과식하고 키위한알 먹음 소화도 더 잘되요~~

제스프리 그린키위💛
완전 강강강추합니다👍🏻✨👍🏻✨",https://img-cf.kurly.com/hdims/resize/%3E720x/quality/90/src/shop/data/goodsview/20220722/gv20000342124_2.jpg,FALSE,FALSE,FALSE
