id,product_url,keyword,sort,img,title,price,seller,category,description,ai_info,ai_review,created_at,updated_at
1,https://www.kurly.com/goods/1001591032?collectionCode=sale231107,식품,1,https://product-image.kurly.com/hdims/resize/%5E%3E720x%3E936/cropcenter/720x936/quality/85/src/product/image/7c71cdb6-3a51-416f-a0c8-a94594088b26.jpg,[해찬미소] 알톡톡 알탕,12590,해찬미소,국반찬메인요리,"알과 곤이를 푸짐히 넣은 해찬미소 알톡톡 알탕이에요. 선동 명태알과 명태곤이를 사용해 탱글탱글한 식감이 느껴져요. 동봉된  코인육수는 진한 감칠맛을, 무를 갈아 넣은 양념은 시원한 맛을 더해준답니다. 미나리나 라면사리 등 다양한 재료를 추가해 즐기셔도 좋아요.",,,,
2,https://www.kurly.com/goods/5058878?collectionCode=sale231107,식품,2,https://product-image.kurly.com/hdims/resize/%5E%3E720x%3E936/cropcenter/720x936/quality/85/src/product/image/18b372d6-385e-4c00-b509-f3496ff3b24e.jpg,[살림팝 X 컬리][고래사] 프리미엄 어묵탕,8580,고래사어묵,국반찬메인요리,"어묵탕은 어묵이 주인공인만큼 그 맛이 무엇보다 중요한데요. 어묵 명가 고래사가 프리미엄 어묵만 알차게 담은 키트를 선보여요. 다양한 맛과 식감의 어묵에 쯔유, 건더기 스프를 함께 구성해 물을 더해 보글보글 끓여주기만 하면 됩니다. 간단하지만 푸짐한 안주가 필요한 날, 혹은 캠핑 요리로 하나씩 챙겨보세요. 입맛에 따라 고춧가루, 청양고추 등을 더해주시면 한결 매콤하게 즐기실 수도 있어요. ",,,,
3,https://www.kurly.com/goods/1001317933?collectionCode=sale231107,식품,3,https://product-image.kurly.com/hdims/resize/%5E%3E720x%3E936/cropcenter/720x936/quality/85/src/product/image/057b23f2-2ecf-4b98-8efe-69844f788a0d.jpg,[신사동 포노 부오노] 히든 천재의 시그니처 4종 (택1),8925,신사동 포노 부오노,국반찬메인요리,"특징 : 진한 마늘향과 매콤한 풍미가 매력적인 파스타, 히든천재 김태성 셰프의 레시피로 완성  : 쫄깃한 나폴리 피자 도우 안에 그라나파다노 치즈를 채워 완성,  : 부드럽고 고소한 쥬키니 페스토와 킥이 되어줄 명란을 곁들인 오일 파스타,,,크리에이티브한 아이디어와 섬세한 레시피로 떠오르는 셰프가 있죠. 요리 경연 프로그램에서 ‘히든천재’라는 닉네임으로 이름을 알린 김태성 셰프입니다. 톡톡서울, 사브서울, 뉴욕 ATOBOY를 거쳐 포노 부오노를 오픈했지요. 편안한 분위기에서 즐기는 정통 이탈리안 요리들을 선보이며 신사동에 자리를 잡았어요. 프로그램에 출연한 뒤에는 예약이 어려울 만큼 큰 인기를 끌고 있답니다. 심사위원들이 입을 모아 칭찬한 화제의 레시피가 궁금했다면, 이제 컬리에서 만나보세요.",,,,
4,https://www.kurly.com/goods/1000969096?collectionCode=sale231107,식품,4,https://product-image.kurly.com/hdims/resize/%5E%3E720x%3E936/cropcenter/720x936/quality/85/src/product/image/3fb321e9-98a9-4064-a6bf-f5bd08504a97.jpg,[일상味소] 등심/안심/채끝 골라담기 3종,12710,-,정육가공육달걀,"컬리는 고민했습니다. '국내산 소고기를 특별한 날이 아닌 일상에서도, 합리적인 가격으로 즐길 순 없을까?' 그 해답을 위해 컬리는 직접 기획한 상품, '일상味소' 육우를 선보입니다.  그중에서도 스테이크를 즐기기 좋은 부위들을 한데 모았어요. 등심부터 안심, 채끝까지 다채롭게 만나보세요. -2~10℃에서 냉장 보관하세요.",,,,
5,https://www.kurly.com/goods/5036959?collectionCode=sale231107,식품,5,https://img-cf.kurly.com/hdims/resize/%5E%3E720x%3E936/cropcenter/720x936/quality/85/src/shop/data/goods/1653035519444l0.jpeg?v=0418,[거대곰탕] 곰탕,12000,-,국반찬메인요리,"한국인에게 밥심 못지않게 중요한 것이 뜨끈한 국물의 힘입니다. 곰탕 한 그릇에 밥 말아 먹으면 속이 든든하게 채워져 오래 허기지지 않지요. 한우를 넣고 푹 끓이는 원리는 참으로 간단해 보이지만, 곰탕은 오랜 시간 공들여야만 시간의 맛이 제대로 밴 국물이 우러나요. 컬리가 부산을 대표하는 맛집 '거대곰탕'의 곰탕을 소개하는 까닭도 마찬가지예요. 좋은 한우로 정성껏 끓여 만든 국물 맛이 남다르기 때문이지요. 이곳은 한우 사골과 소스지 등을 정성껏 끓여 곰탕을 완성하는데요. 국물의 진한 감칠맛과 사태, 양지가 부드럽게 씹히는 맛이 일품이랍니다. 한번에 먹기 좋게 500g씩 포장했으니, 이제 집에서도 간편하게 거대곰탕을 맛보세요.",,,,
6,https://www.kurly.com/goods/1001518154?collectionCode=sale231107,식품,6,https://product-image.kurly.com/hdims/resize/%5E%3E720x%3E936/cropcenter/720x936/quality/85/src/product/image/c5cb6da7-8dd4-4037-9775-f53053fbc62b.jpg,[베키아에누보] 루꼴라 햄 치즈 치아바타 샌드위치 (3입),13180,-,베이커리,블랙 올리브가 콕콕 박힌 치아바타 사이로 짭조름한 햄과 감칠맛이 농축된 선 드라이 토마토가 기분 좋게 씹혀요. 향긋한 루꼴라 페스토와 달짝지근하면서도 은은한 산미가 도는 발사믹 소스가 맛의 균형을 잡아 준답니다. ,,,,
7,https://www.kurly.com/goods/1000916675?collectionCode=sale231107,식품,7,https://product-image.kurly.com/hdims/resize/%5E%3E720x%3E936/cropcenter/720x936/quality/85/src/product/image/05d992db-208d-4f82-9332-ab9e75f3c9e8.jpg,[Kim's butcher] 호주산 소고기 샤브샤브(냉동) 2종,10430,-,정육가공육달걀,"알맞게 구운 소고기는 언제 먹어도 참 만족스러운 음식이죠. 부담 없이 즐길 수 있도록, Kim's butcher가 깐깐하게 선택하고 선보이는 소고기를 만나보세요. 육질이 탄탄해, 따뜻한 육수에 담궈 먹는 샤브샤브용으로 제격인 부위인데요. 뜨끈하게 끓여도 쉽게 흐뜨러지지 않고, 본연의 육즙을 오롯이 품고 있어 더할 나위 없답니다. 면 등 갖은 재료들을 곁들여, 따뜻한 샤브샤브 한 상을 즐겨 보세요.",,,,
8,https://www.kurly.com/goods/5128143?collectionCode=sale231107,식품,8,https://product-image.kurly.com/hdims/resize/%5E%3E720x%3E936/cropcenter/720x936/quality/85/src/product/image/4bdb1cc6-59a4-46c9-97de-5156e7bc9377.jpg,[홍익궁중전통] 육개장 (2인분),8640,-,국반찬메인요리,"개운하면서도 깊은 맛, 무엇 하나 놓치지 않은 육개장이 있어요. 바로 홍익궁중전통의 육개장이랍니다. 사골 육수에 다대기를 풀어 구수하면서도 칼칼한 국물을 완성했지요. 여기에 큼직히 썬 국산 대파를 넣어 시원한 감칠맛까지 갖췄으니 더할 나위가 없답니다. 뜨끈하게 끓여 밥 한 공기와 함께 드셔 보세요. 결대로 찢어 부드러운기와 함께 술술 넘어가니 든든한 식사로도 제격이랍니다.",,,,
9,https://www.kurly.com/goods/5103617?collectionCode=sale231107,식품,9,https://product-image.kurly.com/hdims/resize/%5E%3E720x%3E936/cropcenter/720x936/quality/85/src/product/image/74a4ac67-1d9c-47c8-af8a-9cac5a3dff73.jpg,"[KF365] 1+ 한우 국거리 300g(냉장, 사태제외)",11090,-,정육가공육달걀,"매일 구비해두는 기본 식재료로 소고기를 빼놓을 수 없지요. 건강한 품질의 소고기를 부담 없이 만나보고 싶도록, KF365의 1+한우 국거리를 준비했답니다. 깊고 담백한 국물을 우려내기에 좋은 부위만을 사용한 상품이에요. 육질까지 탄탄해 오래 끓여도 쉽게 풀어지지 않는답니다. 바로 조리하기 알맞은 크기로 손질했으니 간편하게 사용해 보세요.",,,,
10,https://www.kurly.com/goods/1001193583?collectionCode=sale231107,식품,10,https://product-image.kurly.com/hdims/resize/%5E%3E720x%3E936/cropcenter/720x936/quality/85/src/product/image/07d4aa96-4782-4acc-86d7-31a0d238ffab.jpg,[해찬미소] 남도식 된장 꽃게탕,10761,-,국반찬메인요리,"바로 끓여 먹을 수 있도록 꽃게와 채소, 양념을 손질해 담은 밀키트 에요",,,,
11,https://www.kurly.com/goods/5090388?collectionCode=ranking123,식품,11,https://product-image.kurly.com/hdims/resize/%5E%3E720x%3E936/cropcenter/720x936/quality/85/src/product/image/6adf930f-ec7f-48bb-9014-aafe3c81f9bb.jpg,[고래사어묵] 김치 우동 전골,8980,-,국반찬메인요리,"속을 뜨끈하게 데워 줄 음식으로 우동 한 그릇만한 것이 없지요. 고래사어묵은 김치볶음 양념을 더해 칼칼한 국물까지 제대로 즐길 수 있는 김치 우동 전골을 선보입니다. 탱글탱글한 우동면은 물론이고, 고래사어묵의 부드러운 어묵들까지 고루 알차게 담았어요. 모든 재료들을 냄비에 담고 팔팔 끓여 주기만 하면 완성이니 더없이 간편하답니다. 2인에 알맞은 양으로 담은 상품이니, 든든한 한끼 또는 야식으로도 추천할게요.",,,,
12,https://www.kurly.com/goods/1001191650?collectionCode=ranking123,식품,12,https://product-image.kurly.com/hdims/resize/%5E%3E720x%3E936/cropcenter/720x936/quality/85/src/product/image/d31752a7-db21-4cfd-94c8-b369946707e7.jpg,[2개 사면 33%][제일맞게컬리] 현미곤약 주먹밥 3종 (택1),5980,-,간식과자떡,곤약과 찰현미로 밥을 지어 톡톡 터지면서도 부드러운 식감으로 빚은 주먹밥이에요. 오븐에서 한 차례 노릇하게 구워내 바삭한 겉면과 고소한 풍미까지 한껏 끌어올렸어요.,,,,
13,https://www.kurly.com/goods/5062316?collectionCode=ranking123,식품,13,https://img-cf.kurly.com/hdims/resize/%5E%3E720x%3E936/cropcenter/720x936/quality/85/src/shop/data/goods/1606281917375l0.jpg,[귤로장생] 타이벡 감귤 2.5kg (로얄과),15900,-,과일견과쌀,"따뜻한 이불 속에 폭 파묻혀 먹는 감귤의 맛, 그 행복을 더 달콤하게 즐겨보세요. 컬리는 제주농협의 통합 브랜드, 귤로장생이 선보이는 타이벡 감귤을 준비했습니다. '타이벡'은 품종이 아닌 재배 방식을 뜻하는데요. 흙 위에 타이벡 소재의 비닐을 깔아 땅의 수분을 조절하고, 나무 아래 쪽에 달린 감귤까지 빛을 골고루 받을 수 있도록 하는 농법이에요. 일반 재배 방식보다 훨씬 손이 많이 가지만, 덕분에 감귤 하나하나의 맛은 더욱 달콤해진답니다. 넉넉한 양으로 박스에 담아 준비했으니, 정성으로 길러낸 귤을 걱정 없이 누려보세요.",,,,
14,https://www.kurly.com/goods/1000608637?collectionCode=ranking123,식품,14,https://product-image.kurly.com/hdims/resize/%5E%3E720x%3E936/cropcenter/720x936/quality/85/src/product/image/f864b361-85da-4482-aec8-909397caac4e.jpg,치밥하기 좋은 순살 바베큐치킨,13419,-,국반찬메인요리,"흰 쌀밥과 최고의 궁합을 자랑하는 매콤달콤 양념 치킨, 배달음식으로 자주 즐기던 그 맛을 한층 편하게 만나보세요. 한 입 크기의 촉촉한 닭다리살에 떡과 고추 고명까지 빠짐 없이 담았답니다. 신라면 정도의 맵기로 완성했으니, 그 맛을 한층 부담 없이 즐겨보세요.",,,,
15,https://www.kurly.com/goods/5131915?collectionCode=ranking123,식품,15,https://product-image.kurly.com/hdims/resize/%5E%3E720x%3E936/cropcenter/720x936/quality/85/src/product/image/23a32590-9613-4fe4-b563-f2d5d9a59b25.jpg,[KF365] 훈제오리 300g ~,6990,-,정육가공육달걀,"매일 부담 없이 먹을 수 있는 밥반찬을 고민하셨다면, 컬리가 소개하는 훈제오리를 만나보세요. 신선한 국내산 오리만 엄선해 은은한 훈연을 입혔어요. 야들야들한 식감에 감칠맛이 배어 살짝만 구워도 풍미가 일품이지요. 한 번에 먹기 딱 좋은 양을 담아 두 팩으로 나누어 포장했으니, 간편하게 즐겨보세요. 간단한 밥반찬이나 도시락 반찬은 물론, 샐러드의 토핑이나 월남쌈의 속재료 등 활용법이 무궁무진하답니다.",,,,
16,https://www.kurly.com/goods/5135831?collectionCode=ranking123,식품,16,https://product-image.kurly.com/hdims/resize/%5E%3E720x%3E936/cropcenter/720x936/quality/85/src/product/image/5179199a-0890-4ae6-b1bb-eb2c88c9b0f6.jpg,[온더고] 간편 미식 덮밥 도시락 4종 (택1),5539,-,간편식밀키트샐러드,"도시락 하나를 먹더라도 제대로 된 한 끼를 먹고 싶은 마음은 누구나 같을 거예요. 간편함은 그대로, 맛과 풍성함은 가득한 온더고의 도시락 4종을 만나보세요. 든든한 소고기 비빔밥부터 모짜렐라 치즈를 아낌없이 넣은 매콤불닭&치즈, 매콤한 맛을 살린 중화풍 해물잡채덮밥까지. 다채롭고 이색적인 메뉴들로 구성했어요. 전자레인지에 살짝 데우기만 하면 되니, 언제 어디서든 간편하게 근사한 한 끼를 즐겨보세요.",,,,
17,https://www.kurly.com/goods/5162187?collectionCode=ranking123,식품,17,https://product-image.kurly.com/hdims/resize/%5E%3E720x%3E936/cropcenter/720x936/quality/85/src/product/image/8dd666fa-0c9e-4181-a369-bbccce87fb4a.jpg,[KF365] 새콤달콤 제주 감귤 1.5kg,10900,-,과일견과쌀,"손쉽게 즐길 수 있는 과일로 귤만 한 것이 없죠. 이번에는 제주의 따스한 햇살을 받고 자라, 새콤달콤한 맛과 향을 뽐내는 감귤을 가져왔어요. 껍질을 벗겨 입에 넣으면 달달한 과즙은 물론, 톡톡 터지는 탱글한 과육까지 만끽할 수 있을 거예요. 남길 부담이 적은 양으로 보내 드리니, 산뜻한 감귤의 맛을 가볍게 누려 보세요.",,,,
18,https://www.kurly.com/goods/1000572062?collectionCode=ranking123,식품,18,https://product-image.kurly.com/hdims/resize/%5E%3E720x%3E936/cropcenter/720x936/quality/85/src/product/image/1e143634-65e2-40e9-bbc8-8580f1b0e084.jpg,[사리원] 소불고기 전골,11925,-,국반찬메인요리,"4대에 이은 전통의 맛, 사리원의 소불고기 전골을 소개할게요. 매장의 대표 메뉴답게 푸짐한 구성이 특징인데요. 소고기와 비법 양념은 물론이고요. 표고와 팽이버섯이 쫄깃한 식감을 책임지고, 양념을 한껏 빨아들인 당면이 든든함을 더한답니다. ",,,,
19,https://www.kurly.com/goods/1000088626?collectionCode=ranking123',식품,19,https://product-image.kurly.com/hdims/resize/%5E%3E720x%3E936/cropcenter/720x936/quality/85/src/product/image/fe13821c-60a1-4c99-bdc7-c360ec445ea0.jpeg,[사미헌] 우거지 갈비탕,8420,-,국반찬메인요리,"부산 서면문화로 거리를 오랜 시간 묵묵히 지키고 있는 한결같은 맛집이 있어요. 바로, 부산의 대표 한식당 사미헌인데요. 이번에는 컬리에서 꾸준한 사랑을 받는 사미헌의 갈비탕을 얼큰하게 끓여 선보입니다. 소고기 육수에 칼칼한 양념을 풀어 넣어 깊고 진한 국물 맛을 내고요. 구수한 우거지와 살코기가 두툼하게 붙은 갈비를 아낌 없이 넣었어요. 국물이 쏙 배어들어 야들해진 우거지와 갈비를 한 입 맛보면, 속이 확 풀리는 얼큰한 감칠맛에 감탄이 절로 나온답니다. 따끈한 밥 한 공기만 준비해 든든한 한 끼로 마련해 보세요.",,,,
20,https://www.kurly.com/goods/1000765126?collectionCode=ranking123,식품,20,https://product-image.kurly.com/hdims/resize/%5E%3E720x%3E936/cropcenter/720x936/quality/85/src/product/image/8ac2fba2-1973-485d-b6cb-e5804f9eb1b4.jpg,[제일맞게컬리] 육즙+왕교자 만두 1.01kg,8682,-,국반찬메인요리,CJ제일제당과 컬리가 함께 기획한 제일맞게컬리 육즙+왕교자를 만나 보세요. 한 입 베어물면 입안 가득 퍼지는 촉촉한 육즙이 특징인데요. 국내산 돼지고기를 식감을 살려 굵게 썰고 아낌없이 채워 넣은 것이 비법이랍니다. 쌀가루를 더한 만두피 덕에 구워도 쪄도 맛있으니 취향에 따라 조리해 보세요.,,,,
21,https://www.kurly.com/goods/1000420040?collectionCode=kurlyonlysalemd,식품,21,https://product-image.kurly.com/hdims/resize/%5E%3E720x%3E936/cropcenter/720x936/quality/85/src/product/image/7a011680-610b-4940-8d83-d2bb9e5b5f41.jpg,[KF365] 양념 칼집 목살구이1kg (냉동),14500,-,정육가공육달걀,"컬리가 KF365를 통해 선보이는 양념 칼집 목살구이를 만나보세요. 신선한 돼지고기 목심에 촘촘하게 칼집을 낸 후, 짭조름한 간장 양념에 푹 재워 완성했어요. 양파와 마늘, 배 등의 재료를 듬뿍 넣은 양념이라, 그 감칠맛의 여운이 제법 길답니다. 양념이 암갈색이 될 때까지 충분히 구워내면, 야들야들하면서도 달짝지근한 목살 구이를 맛볼 수 있죠. 온 가족이 함께 즐기기 좋은 1kg 용량으로 보내드려요. 냉장고에 구비해두고 마땅한 반찬이 떠오르지 않는 순간, 언제든지 꺼내 즐겨보세요.",,,,
22,https://www.kurly.com/goods/1000166206?collectionCode=kurlyonlysalemd,식품,22,https://product-image.kurly.com/hdims/resize/%5E%3E720x%3E936/cropcenter/720x936/quality/85/src/product/image/d53d208b-a180-4599-b960-7af513f3af1f.jpg, 99치킨 콤보 (윙&봉),8910,-,정육가공육달걀,"99치킨은 담백한 맛부터 푸짐한 양까지 그 시절 옛날 통닭을 그대로 빼닮았는데요. 거창한 양념이나 두꺼운 튀김옷 없이도 맛있는 99치킨을 더욱 간편하게 즐겨 보세요. 두 마리 99치킨의 인기에 힘입어, 이번에는 닭의 윙&봉 부위를 담은 치킨 콤보를 준비했어요. 부드럽고 쫄깃한 인기 부위만 아쉬움 없이 맛볼 수 있어 만족스럽고요. 알맞은 크기 덕에 손에 쥐고 먹기에도 편리하답니다. 넉넉한 용량으로 준비했으니, 에어프라이어로 노릇하게 조리해 가장 맛있는 타이밍에 즐겨 보세요.",,,,
23,https://www.kurly.com/goods/1000568226?collectionCode=kurlyonlysalemd,식품,23,https://product-image.kurly.com/hdims/resize/%5E%3E720x%3E936/cropcenter/720x936/quality/85/src/product/image/53e04b88-cffd-467c-a44f-952990cf7e52.jpg,[어굼터] 순살 고등어구이 2종 (택1),4050,-,수산해산건어물,"집에서 생선구이를 구울 때 나는 냄새와 걱정 없이, 전자레인지 2분 조리만으로 즐길 수 있는 어굼터 순살 고등어구이예요. 수작업으로 잔가시까지 제거한 덕분에 발라내는 번거로움까지 덜 수 있죠. 녹차 가루로 잡내까지 깔끔하게 잡은 제품이라 더욱 만족스러울 거예요.",,,,
24,https://www.kurly.com/goods/1000185200?collectionCode=kurlyonlysalemd,식품,24,https://product-image.kurly.com/hdims/resize/%5E%3E720x%3E936/cropcenter/720x936/quality/85/src/product/image/3df368c8-e124-4d06-a9e9-af4c10d01b53.jpeg?v=0531,[압구정주꾸미] 주꾸미 볶음 2종 (택1),7700,-,국반찬메인요리,매콤 달콤한 양념을 흠뻑 입은 탱탱한 주꾸미 볶음 하나면 밥 한 공기쯤은 금세 비워낼 수 있죠. 압구정주꾸미는 매콤한 감칠맛을 제대로 살린 주꾸미 볶음을 선보입니다. 양념에 고추장과 고춧가루를 함께 사용해 텁텁함 없이 깔끔한 맛을 내고요. 국내산 다진 마늘을 아낌없이 넣어 알싸함까지 더했답니다. 오롯이 주꾸미와 양념만 담았으니 취향에 따라 야채나 떡 등을 추가해 달달 볶아 주세요. 남은 양념에 볶음밥을 완성해도 별미랍니다.,,,,
25,https://www.kurly.com/goods/5034409?collectionCode=kurlyonlysalemd,식품,25,https://img-cf.kurly.com/hdims/resize/%5E%3E720x%3E936/cropcenter/720x936/quality/85/src/shop/data/goods/1644835957605l0.jpg,[LOTS OF LOVE] 한끼든든 시원한 황태국밥 (리뉴얼),4800,-,국반찬메인요리,"얼큰하고 진한 국물도 맛있지만 담백하고 자극적이지 않은 국물이 당기는 날이 있어요. 컬리는 국물만 챙겨 먹어도 속이 스르르 풀어지는 황태국밥을 준비했어요. 컬리의 깐깐함과 요리연구가 최주영 대표의 노하우로 만들어진 LOTS OF LOVE의 황태국밥이에요. 밥과 육수를 함께 달달 볶는 방식으로 만들어 밥알에 육수가 스며들어 있어요. 물만 부어 끓여주면 간단하게 황태국밥이 완성되지요. 별도로 밥을 준비할 필요가 없어 편리해요. 황태뿐만 아니라 콩나물, 무, 대파 등을 아낌없이 넣어 시원하고 담백한 맛을 냈어요. 따로 식사를 챙길 시간이 없을 때 LOTS OF LOVE의 황태국밥을 준비해 보세요. 든든한 한 끼 식사가 될 거예요.",,,,
26,https://www.kurly.com/goods/1000930043?collectionCode=kurlyonlysalemd,식품,26,https://product-image.kurly.com/hdims/resize/%5E%3E720x%3E936/cropcenter/720x936/quality/85/src/product/image/1fe6b715-b684-4c14-9348-1e4a8ec2c60d.jpg,[KF365] 에어프라이어용 생선까스,10500,-,국반찬메인요리,"바삭한 튀김 옷과 촉촉한 살코기의 조화가 매력적인 생선까스, 에어프라이어로 간편하게 조리해 보세요. 가시까지 깔끔하게 제거한 명태살에 습식 빵가루를 입혀 튀겨냈어요. 상큼한 락교가 더해진 타르타르소스까지 담아 보내드리니 함께 곁들여 즐겨보세요.",,,,
27,https://www.kurly.com/goods/1000336071?collectionCode=kurlyonlysalemd,식품,27,https://product-image.kurly.com/hdims/resize/%5E%3E720x%3E936/cropcenter/720x936/quality/85/src/product/image/c493268d-1b4c-4ba1-b655-086f0d4cf882.jpg,[KF365] 춘천식 닭갈비 (냉동) 1.2kg (300g*4ea),16900,-,국반찬메인요리,"언제 먹어도 만족스러운 우리집 메인 요리, KF365로 만나보세요. 이번에는 잡내 없이 부드러운 닭다리살을 엄선해 만든 춘천식 닭갈비를 보여드려요. 고춧가루를 베이스로 한 자체 레시피로 깔끔하게 양념해, 호불호 없는 대중적인 맛을 구현했답니다. 오래 두고 드실 수 있도록 1.2kg 대용량을 냉동해 보내 드릴게요. 꽤 넉넉한 양이지만 300g씩 4팩으로 나눠 담았으니, 혼자 사는 분들도 부담 없이 장바구니에 담아보세요. ",,,,
28,https://www.kurly.com/goods/1000765126?collectionCode=kurlyonlysalemd,식품,28,https://product-image.kurly.com/hdims/resize/%5E%3E720x%3E936/cropcenter/720x936/quality/85/src/product/image/8ac2fba2-1973-485d-b6cb-e5804f9eb1b4.jpg,[제일맞게컬리] 육즙+왕교자 만두 1.01kg,8682,-,국반찬메인요리,CJ제일제당과 컬리가 함께 기획한 제일맞게컬리 육즙+왕교자를 만나 보세요. 한 입 베어물면 입안 가득 퍼지는 촉촉한 육즙이 특징인데요. 국내산 돼지고기를 식감을 살려 굵게 썰고 아낌없이 채워 넣은 것이 비법이랍니다. 쌀가루를 더한 만두피 덕에 구워도 쪄도 맛있으니 취향에 따라 조리해 보세요.,,,,
29,https://www.kurly.com/goods/1000078041?collectionCode=kurlyonlysalemd,식품,29,https://product-image.kurly.com/hdims/resize/%5E%3E720x%3E936/cropcenter/720x936/quality/85/src/product/image/65958d6e-65dc-43d4-9ced-dde1c027166d.jpg,두 마리 99치킨 (에어프라이어용),8910,-,국반찬메인요리,치킨 한 마리를 마음 놓고 사 먹기 쉽지 않은 고물가 시대에 살고 있습니다. 부담 없이 자주 치킨을 드실 수 있도록 컬리가 가격과 맛을 모두 잡은 ‘두 마리 99치킨’을 기획했어요. 두꺼운 튀김옷 대신 얇은 반죽을 입은 옛날 치킨의 매력은 겉은 바삭하고 속은 촉촉하다는 점인데요. 옥수수 전분을 국내산 닭에 얇게 묻혀 바삭바삭한 식감을 잘 살렸어요. 간도 적당하게 배어 있는 옛날 치킨을 가족이나 친구와 함께 모여 오손도손 즐겨 보세요.,,,,
30,https://www.kurly.com/goods/1000300922?collectionCode=kurlyonlysalemd,식품,30,https://product-image.kurly.com/hdims/resize/%5E%3E720x%3E936/cropcenter/720x936/quality/85/src/product/image/c056cd29-7df6-4b60-97c5-ea360da4707f.jpg?v=0418,[압구정낙지] 낙지 볶음 2종 (택1),7300,-,국반찬메인요리,"컬리에서 많은 사랑을 받고 있는 압구정주꾸미가 이번에는 낙지볶음으로 찾아왔어요. 원재료 수입부터 가공, 소스 제조까지 컬리에서 하나하나 꼼꼼히 따져 완성한 제품이랍니다. 신선함을 잃지 않은 낙지 중 가장 튼실한 몸집으로만 꼼꼼히 선별했죠. 양념에는 고춧가루와 고추장을 함께 사용해 텁텁함 없이 깔끔한 맛을 내요. 하얀 소면을 함께 곁들여 먹은 후, 남은 양념에 밥과 김가루를 넣어 볶아 보세요. 매콤달콤한 그 맛에 마지막 한 수저까지 탐내게 될 거예요.",,,,
31,https://www.kurly.com/goods/1000261454?collectionCode=jangboginew,식품,31,https://product-image.kurly.com/hdims/resize/%5E%3E720x%3E936/cropcenter/720x936/quality/85/src/product/image/09a0f576-c2cc-4d00-8ed4-c7d36c7b6967.jpg,[조선호텔] 떡갈비 345g,9306,-,국반찬메인요리,"조선호텔의 노하우가 깃든 떡갈비로 가정에서도 품격 있는 요리를 차려 보세요. 돼지고기 갈비살과 뒷다리살, 소 지방을 적절히 배합해 고소한 육향과 씹는 맛을 오롯이 살렸고요. 부추와 양파로 담백함을 더한 뒤 달짝지근하게 양념해 입에 착 감기는 감칠맛도 일품이에요. 밥 반찬부터 명절 상차림까지 두루 활용할 수 있어 챙겨 두면 무척이나 요긴하답니다. 두툼하게 빚은 떡갈비와 짭조름한 소스를 3개씩 보내드리니, 입맛 없는 날 간편하게 꺼내 보세요.",,,,
32,https://www.kurly.com/goods/5081090?collectionCode=jangboginew,식품,32,https://product-image.kurly.com/hdims/resize/%5E%3E720x%3E936/cropcenter/720x936/quality/85/src/product/image/78ebd69e-1cc6-482c-b056-70f5da3f0022.jpg,[KF365] 양념 소불고기 2종 (택1),12990,-,정육가공육달걀,"호불호 없는 메인 요리를 꼽자면 양념 소불고기가 빠지지 않을 거예요. 달짝지근한 양념이 고루 밴 야들한 소불고기는 온 가족 밥반찬으로 딱 좋은 식재료인데요. 육가공 전문 브랜드, 견우푸드와 손 잡고 질 좋은 소고기에 너무 짜거나 달지 않은 은근한 감칠맛을 입혀 완성했답니다. 냉장고에 구비해두고 마땅한 반찬이 떠오르지 않는 순간, 언제든지 꺼내 즐겨보세요. 명절 음식으로 활용하기에도 제격일 거에요.",,,,
33,https://www.kurly.com/goods/1000120319?collectionCode=jangboginew,식품,33,https://product-image.kurly.com/hdims/resize/%5E%3E720x%3E936/cropcenter/720x936/quality/85/src/product/image/8bb1a803-92c6-4f13-b39c-5a942c339fe3.jpg,[KF365] 한돈 급냉 삼겹살 600g~ (냉동) ,12000,-,정육가공육달걀,"맛 좋은 우리 한돈을 부담 없이 즐겨보세요. 컬리는 구이용으로 먹기 좋게 손질한 급냉 삼겹살을 준비했어요. 너무 두껍지도, 얇지도 않은 두께라 해동 없이 그대로 구워 즐길 수 있고요. 삼겹살 특유의 육즙과 씹는 재미도 오롯이 느낄 수 있답니다. 냉동실에 든든히 챙겨 보세요.",,,,
34,https://www.kurly.com/goods/1000444603?collectionCode=jangboginew,식품,34,https://product-image.kurly.com/hdims/resize/%5E%3E720x%3E936/cropcenter/720x936/quality/85/src/product/image/f195b407-c724-4cd9-8fca-aa49d8437082.jpg,[고메공방] 계란빵 2종 (5개입) (택1),11250,-,베이커리,"입으로 후후 불어 맛보던 계란빵의 달달함과 고소함, 고메공방이 선보이는 계란빵으로 간편하게 즐겨보세요. 액상 계란이 아닌 진짜 계란을 한 알 한 알 깨서 넣은 덕에, 그 고소함이 더욱 짙어요. 계란 본연의 맛이 담긴 오리지널과 짭조름한 풍미가 매력적인 햄치즈를 준비했답니다. 한 개씩 개별 포장되어 있으니, 출출할 때마다 하나씩 꺼내 즐겨보세요. ",,,,
35,https://www.kurly.com/goods/1001143756?collectionCode=jangboginew,식품,35,https://product-image.kurly.com/hdims/resize/%5E%3E720x%3E936/cropcenter/720x936/quality/85/src/product/image/b68a03c3-0c72-4eaf-a5f3-281c4749c848.jpg,[골라담기] 오뚜기 라면 8종 균일가 (택3),3300,-,면양념오일,"일상과 떼려야 뗄 수 없는 식품을 꼽아보자면, 라면은 아마 다섯 손가락 안에는 들 거예요. 오랜 시간 꾸준히 사랑받아온 라면을, 부담스럽지 않은 용량으로 컬리에서 간편하게 만나 보세요. 다양한 종류의 인기 라면을 준비했으니 딱 필요한 만큼만 장바구니에 담아, 정석대로 또는 나만의 레시피로 응용해 즐겨 보세요.",,,,
36,https://www.kurly.com/goods/1001118076?collectionCode=jangboginew,식품,36,https://product-image.kurly.com/hdims/resize/%5E%3E720x%3E936/cropcenter/720x936/quality/85/src/product/image/0e55a2bf-4706-4868-ac3d-6a431d634d45.jpg,두툼 흑돼지 모아보기 10종 (택1),7492,-,정육가공육달걀,-,,,,
37,https://www.kurly.com/goods/1000750847?collectionCode=jangboginew,식품,37,https://product-image.kurly.com/hdims/resize/%5E%3E720x%3E936/cropcenter/720x936/quality/85/src/product/image/b7723fd5-1e2a-437b-be5f-61d3e8ca2c9f.jpg,[KF365] 항공직송 노르웨이 생연어 6종 (냉장) (택1),15900,-,수산해산건어물,"노르웨이 해역에서 어획해 항공직송으로 신선하게 들여온 KF365 생연어를 만나보세요. 촉촉한 주홍빛 속살에 고소하고 기름진 풍미가 일품이랍니다. 얼리지 않은 생연어라 더욱 부드럽고 신선하지요. 회부터 횟감, 필렛, 스테이크까지 다양하게 준비했으니 용도에 따라 자유롭게 선택해보세요. ",,,,
38,https://www.kurly.com/goods/1000417443?collectionCode=jangboginew,식품,38,https://product-image.kurly.com/hdims/resize/%5E%3E720x%3E936/cropcenter/720x936/quality/85/src/product/image/e6be4634-87e1-4b41-9ee8-0bad8c1e0a32.jpg,[KF365] 오리주물럭 600g (200gX3개입),15210,-,정육가공육달걀,"진한 감칠맛의 양념이 깊이 배어든 주물럭은 그 어떤 식탁에 내놓아도 호불호를 가리기 어렵죠. 그중에서도 매콤한 붉은 빛 양념의 오리 주물럭은 누구에게나 환영 받는 한 끼 식사예요. 오리고기 지방이 내는 고소한 기름이 진한 양념 맛에도 존재감을 잃지 않기 때문이에요. 컬리가 선보이는 KF365로 오리주물럭을 부담 없이 즐겨보세요. 국내산 오리고기에 고추장 양념을 꼼꼼히 버무렸답니다. 깔끔한 맛의 태양초 고추장에 물엿과 마늘, 양파를 듬뿍 넣어 감칠맛을 입혀낸 양념이에요. 냉장고에 구비해두고 마땅한 반찬이 떠오르지 않는 순간, 언제든지 꺼내 즐겨보세요.",,,,
39,https://www.kurly.com/goods/1000170410?collectionCode=jangboginew,식품,39,https://product-image.kurly.com/hdims/resize/%5E%3E720x%3E936/cropcenter/720x936/quality/85/src/product/image/cf707ac9-be01-4c38-9f61-8b78ef00538d.jpg,[KF365] 통통한 그릴 비엔나 소시지 700g,8900,-,정육가공육달걀,"비엔나 소시지의 가장 큰 매력은 한 입에 쏙 넣고 깨물면 톡 하고 터지는 식감일 거예요. 컬리는 이 매력을 오롯이 느낄 수 있도록, 입안 가득 꽉 차는 크기의 통통한 비엔나 소시지를 준비했답니다. 국산 돼지고기 함량이 94.36%에 달하니 풍성한 육즙과 육향은 말할 것도 없고요. 입자를 살려 갈았기에 쫄깃하게 씹히는 식감이 일품이에요. 넉넉한 양을 담았으니, 냉장고에 구비해 두고 두루두루 활용해 보세요. ",,,,
40,https://www.kurly.com/goods/1000858612?collectionCode=jangboginew,식품,40,https://product-image.kurly.com/hdims/resize/%5E%3E720x%3E936/cropcenter/720x936/quality/85/src/product/image/cc293040-0531-4b61-ae86-c5e63d1e1fa6.jpg,[KF365] 컷팅파인애플 1kg,12900,-,과일견과쌀,-,,,,
41,https://www.kurly.com/goods/5026449,식품,41,https://product-image.kurly.com/hdims/resize/%5E%3E720x%3E936/cropcenter/720x936/quality/85/src/product/image/0564fa3a-8431-4de1-8d6b-d052536bf643.jpg,[KF365] 호박고구마 800g (25년 햇),5490,-,채소,"후후 불어 먹는 군고구마는 온 가족이 좋아하는 영양 간식이죠. 얼핏 보면 비슷하게 생긴 고구마도 종류에 따라 다양한 맛과 식감을 자랑합니다. 컬리는 좀 더 부드럽고 달콤하게 즐길 수 있는 호박고구마를 준비했어요. 호박고구마는 물고구마와 호박을 교배해 만든 품종인데요. 단맛이 쏙쏙 배어있고, 특유의 노란 속살도 촉촉한 식감을 자랑한답니다. 국내 농가에서 기른 맛 좋은 호박고구마를 엄선해 문 앞까지 신선하게 전해드려요. 통풍이 잘 되는 곳에 보관 후, 취향에 따라 찌거나 구워서 즐겨보세요.",,,,
42,https://www.kurly.com/goods/5027319,식품,42,https://img-cf.kurly.com/hdims/resize/%5E%3E720x%3E936/cropcenter/720x936/quality/85/src/shop/data/goods/1653037937319l0.jpeg,알배기 배추 1봉,3990,-,채소,"한 입 베어 무는 순간 아삭한 식감에 반하고, 씹을수록 은은하게 퍼지는 고소하고 달큼한 맛에 두 번 반하는 알배기 배추를 소개할게요. 별다른 조리 없이 먹어도 맛있지만 햇살을 머금은 노란 잎에 고기 한 점을 얹어 쌈을 싸기에도 적당해요. 고춧가루, 소금, 젓갈로 삼삼하게 겉절이를 하거나 한입 크기로 썰어 된장국을 끓여내도 좋답니다. 그때그때 유명산지 알배기 배추를 수급해 보내드리니 순한 맛을 그대로 즐겨보세요. ",,,,
43,https://www.kurly.com/goods/5026451,식품,43,https://img-cf.kurly.com/hdims/resize/%5E%3E720x%3E936/cropcenter/720x936/quality/85/src/shop/data/goods/1530173860335l0.jpg,양파 1.5kg ,3990,-,채소,"주황색 껍질 속에 숨겨진 하얀 속살의 양파. 집에 없으면 아쉬울 정도로, 다양한 음식에 활용되죠. 컬리는 풍부한 영양은 물론, 다양한 매력을 발산하는 양파를 가져왔어요. 그때그때 좋은 양파를 가락시장에서 공급받아 보내드립니다. 껍질이 광택 있고, 단단하고 중량감 있는 양파만을 엄선했어요. 신선하고 수분 함량이 많아 아삭한 맛이 좋아요. 알싸하고 단 내음의 양파는 어떤 요리와도 잘 어울리는데요. 각종 요리에 어울려 음식의 풍미를 더할 뿐만 아니라 상하는 것도 막아줍니다.",,,,
44,https://www.kurly.com/goods/5026448,식품,44,https://product-image.kurly.com/hdims/resize/%5E%3E720x%3E936/cropcenter/720x936/quality/85/src/product/image/25ac1ec1-005e-44a3-a00f-4224d25bcc96.jpg,[KF365] 노지 햇 감자 1kg,3690,-,채소,"촉촉하게 쪄 먹어도 좋고, 다양한 요리와 함께 곁들이기도 좋은 감자는 우리 식탁에 빼놓을 수 없는 식재료이죠. 탄수화물은 물론이고 단백질, 비타민 C까지 풍부해 포만감과 영양을 동시에 충족시키는데요. 컬리는 국내 농가에서 기른 맛 좋은 감자를 엄선해 문 앞까지 신선하게 전해드려요. 비축해둔 저장 감자가 아닌, 땅에서 캐낸 지 얼마 되지 않은 햇 감자라 씁쓸한 맛이 적고 찰기가 돈답니다. 취향에 따라 간단하게 찌거나 구워서 즐겨보세요. 볶음, 튀김 등의 요리로 다채롭게 변신시키면 매일 식탁에 올려도 질리지 않을 거예요.",,,,
45,https://www.kurly.com/goods/5030559,식품,45,https://product-image.kurly.com/hdims/resize/%5E%3E720x%3E936/cropcenter/720x936/quality/85/src/product/image/6a175689-ff66-4838-b04d-cbed2ec3e3be.jpg?v=0531,[KF365] 애호박 1개,1990,-,채소,"지금 소개하는 채소는 어느 요리와도 잘 어울리는, 만능 식재료 애호박입니다. 반찬이 마땅치 않은 날, 냉장고 속의 애호박으로 다양한 요리를 만들 수 있지요. 노릇노릇한 애호박전과 구수한 된장찌개, 부드럽고 고소한 볶음 반찬까지. 역시 만능 채소 1순위로 손꼽힐 만하답니다. 컬리를 통해 신선한 애호박을 부담 없는 양, 합리적인 가격으로 만나보세요.",,,,
46,https://www.kurly.com/goods/5054657,식품,46,https://product-image.kurly.com/hdims/resize/%5E%3E720x%3E936/cropcenter/720x936/quality/85/src/product/image/6f75bf79-4b78-4d64-8691-dd6a577e78d6.jpeg,[KF365] 백다다기오이 3입,3990,-,채소,"마디마다 열매가 다닥다닥 열린다 하여 붙여진 이름, 다다기오이. 꼭지로 갈수록 점차 짙어지는 녹색 그라데이션, 오돌토돌 솟아있는 돌기가 매력적인 오이예요. 특히 조직감이 뛰어나고, 씨방이 적어 쉽게 무르지 않는다는 장점이 있답니다. 식감도 우수해 오이소박이, 장아찌 등 다양한 메뉴에 두루 활용하기 좋지요. 1인 가구도 부담 없는 소량 구성으로 알뜰하게 전해드릴게요. 오이의 아삭거리는 식감, 싱그러운 수분감을 오롯이 누려보세요. ",,,,
47,https://www.kurly.com/goods/5053496,식품,47,https://img-cf.kurly.com/hdims/resize/%5E%3E720x%3E936/cropcenter/720x936/quality/85/src/shop/data/goods/1653038077839l0.jpeg,한통 양배추,3990,-,채소,"수분감 가득한 잎이 겹겹이 쌓인 양배추는 무궁무진한 활용도를 자랑하는 채소예요. 생으로 먹으면 아삭아삭한 식감이 돋보이고, 살짝 데치거나 볶아내면 은근한 단맛이 매력적이죠. 컬리는 원하는 대로 잘라 사용할 수 있도록 한 통 그대로 준비했어요. 채썬 양배추에 드레싱을 뿌려 간단한 샐러드로 즐겨도 좋고요. 가볍게 삶아 따끈한 밥과 양념장을 올려 맛있는 쌈밥을 만들어도 훌륭할 거예요.",,,,
48,https://www.kurly.com/goods/5049924,식품,48,https://product-image.kurly.com/hdims/resize/%5E%3E720x%3E936/cropcenter/720x936/quality/85/src/product/image/bb4edec4-812a-45a5-9fed-56a887a054a7.jpg,경기 시금치 200g,3990,-,채소,"시금치는 추위를 견디는 능력이 강하고 서늘한 기후를 좋아해 국내에서 잘 자라는 채소예요. 경기 시금치는 고온다습하지 않은 경기도 지역에서 재배한 시금치로, 경기초라고 불리기도 하죠. 비타민, 철분, 식이섬유 등 각종 영양 성분이 가득 들어가 있어 더욱 만족스럽습니다. 여러 요리로 활용해 섭취한다면 부족한 영양을 보충할 수 있을 거예요. 친숙한 맛과 남녀노소 모두에게 유익한 영양을 가진 시금치로 식탁에 싱그러운 활력을 더해보세요. ",,,,
49,https://www.kurly.com/goods/1000120872,식품,49,https://product-image.kurly.com/hdims/resize/%5E%3E720x%3E936/cropcenter/720x936/quality/85/src/product/image/d746f25f-c5a9-472b-be9f-c2eacaf9399f.jpg,[KF365] 무농약 국산콩 콩나물 300g,1590,-,채소,"식탁에 자주 오르는 일상 식재료로 콩나물을 빼놓을 수 없지요. 좋은 콩으로 키운 콩나물을 부담 없이 만날 수 있도록, 합리적인 가격에 국산콩 콩나물을 준비했어요. 농약 없이 깨끗하게 재배한 국산 콩으로 길러낸 콩나물이에요. 적당한 굵기에 아삭한 식감과 시원한 맛이 좋아 두루 활용하기 좋답니다. 산뜻한 나물 반찬은 물론이고 국, 탕 등 다양하게 요리해 보세요.",,,,
50,https://www.kurly.com/goods/5054660,식품,50,https://product-image.kurly.com/hdims/resize/%5E%3E720x%3E936/cropcenter/720x936/quality/85/src/product/image/a0648262-58dc-463c-a8a6-4b1cb6e0744b.jpg,[KF365] 브로콜리 1입,4990,-,채소,"늘 먹는 채소도 기본이 중요합니다. 없으면 허전한 필수 채소, 신선하게 담아가 보세요. 컬리는 영양분 가득한 국산 브로콜리를 준비했어요. 동글동글한 줄기 위쪽은 부드러운 풍미가, 줄기에는 아삭한 식감이 깃들어 있어 두루 활용하기에도 좋지요. 먹기 좋게 썬뒤 생으로 드시거나, 살짝 데친 뒤 즐겨도 좋아요. 파스타, 스튜 등 근사한 요리에도 빠질 수 없는 역할을 하고요. 원하는 대로 잘라 사용할 수 있도록 온전하게 보내드리니, 가볍게 요리해 건강한 식탁을 펼쳐보세요.",,,,
51,https://www.kurly.com/goods/5061259,식품,51,https://product-image.kurly.com/hdims/resize/%5E%3E720x%3E936/cropcenter/720x936/quality/85/src/product/image/14eca172-5349-4870-b7cb-fb93f470f432.jpg,고랭지 햇사과 1.3kg,19900,-,과일견과쌀,고랭지의 기온차를 견디고 자라 빨갛게 잘 익은 사과를 만나보세요. 과육이 단단하고 신맛과 단맛의 균형이 조화롭습니다. 국내 농가에서 정성스레 길러 한 두번에 나눠 먹기 좋은 양으로 담았어요. 식후나 디저트로 남김없이 즐기기 좋은 사이즈예요. 잘 여문 사과 한 알로 달콤한 즐거움을 누려보세요. ,,,,
52,https://www.kurly.com/goods/5063578,식품,52,https://product-image.kurly.com/hdims/resize/%5E%3E720x%3E936/cropcenter/720x936/quality/85/src/product/image/4436fdec-039d-4683-b8f3-7ebf677ad190.jpg,[KF365] 대추방울토마토 750g,10900,-,과일견과쌀,"붉게 영근 대추방울토마토는 대추처럼 살짝 길쭉한 생김새와 단단한 과육을 지녔는데요. 씹을수록 톡톡 터지는 과즙은 금세 입안을 싱그럽게 채워줍니다. 붉은 한 알에 풍부한 맛과 영양을 오롯이 품은 대추방울토마토를 신선하게 전해드릴게요. 평소 방울토마토를 간식, 샐러드, 주스 등으로 꾸준히 드시는 분이라면 손쉽게 담아가 보세요. 여러 가지 메뉴에 알맞게 활용하기 좋은 양이랍니다.",,,,
53,https://www.kurly.com/goods/5030220,식품,53,https://img-cf.kurly.com/hdims/resize/%5E%3E720x%3E936/cropcenter/720x936/quality/85/src/shop/data/goods/1538466010000_l.jpg,아삭하고 달콤한 황금사과1.3kg (4~7입)[품종: 시나노골드],19900,-,과일견과쌀,"홍옥이나 부사처럼 빨갛게 익어가는 사과가 있는가 하면, 노랗게 여무는 사과도 있어요. '금사과'로도 불리는 시나노 골드는 처음 열매가 맺혔을 땐 연둣빛을 띠고 있지만, 시간이 지날수록 밝은 노란색으로 물들어 가지요. 아삭아삭한 식감과 수분감이 뛰어나고, 신맛과 단맛의 조화가 무척 훌륭한 사과랍니다. 향기는 또 어떨까요. 사과 본연의 존재감을 그대로 드러내듯, 기분 좋게 번지는 그윽한 향은 모자람이 없답니다.",,,,
54,https://www.kurly.com/goods/1000122762,식품,54,https://product-image.kurly.com/hdims/resize/%5E%3E720x%3E936/cropcenter/720x936/quality/85/src/product/image/30b30de4-14f7-438a-844d-604b5a2acde9.jpg,세척 햇사과 1.4kg (6~7입) ,19900,-,과일견과쌀,"아침을 여는 과일로, 또는 식후 디저트로 사과를 즐겨 찾는 분들 많으실 텐데요. 더욱 더 간편하게 드실 수 있는 세척사과를 소개할게요. 잘 익은 국산 사과를 오존수로 깨끗하게 세척해 개별 포장했답니다. 따로 씻을 필요 없이 포장만 뜯으면 껍질째 먹을 수 있어 무척 간편하지요. 일반 사과에 비해 아담한 사이즈로 선별해, 한번에 먹기도 알맞답니다. 바쁜 아침이나 피크닉 등 야외에 챙겨가기에도 안성맞춤일 거예요.",,,,
55,https://www.kurly.com/goods/5031442,식품,55,https://img-cf.kurly.com/hdims/resize/%5E%3E720x%3E936/cropcenter/720x936/quality/85/src/shop/data/goods/1648209696613l0.jpeg,[Dole] 스위티오 바나나 2종,4490,-,과일견과쌀,스위티오'는 Dole이 생산하는 바나나 중에서도 가장 품질이 뛰어나고 당도가 높은 것만을 선별해 붙여주는 이름이에요. 이 이름을 얻기 위해서는 바나나가 자라는 환경부터 달라야 합니다. 스위티오 바나나는 필리핀 해발 600m 이상의 고산지대에 위치한 농장에서 재배돼요. 저지대에 있는 농장에 비해 평균 기온이 낮기 때문에 과육에 수분이 적고 쫀득한 식감을 갖게 되지요. 일반 바나나보다 재배 기간이 5개월~8개월 이상 긴 것도 특징이에요. 광합성을 오래 하는 만큼 더 진한 달콤함을 머금고 있습니다. 꼼꼼한 선별을 통해 선택된 스위티오 바나나는 한국 전용선박과 부두를 통해 들여와 신선함을 유지하고 있어요. Dole이 자랑하는 맛있는 바나나를 만나보세요. ,,,,
56,https://www.kurly.com/goods/5134096,식품,56,https://product-image.kurly.com/hdims/resize/%5E%3E720x%3E936/cropcenter/720x936/quality/85/src/product/image/fcd2c219-b2a2-400c-bba1-7374ee8e8476.jpg,[KF365] 밥상의 진미 쌀 10kg(25년 햅쌀) ,38900,-,과일견과쌀,"매일 부담 없이 지을 밥을 찾고 있다면, 컬리가 선보이는 밥상의 진미를 선택해 보세요. 넉넉하게 두고 드실 수 있도록 10kg 중량으로 준비했어요. 비옥한 토질을 지닌 충청남도 아산 간척지에서 재배한 백미를 담아, 밥맛은 걱정할 것도 없죠. 밥을 지었을 때 적절한 찰기와 고소함을 지녀 호불호 없이 편안하게 드시기 좋답니다. 취향에 따라 물을 조절해 촉촉하거나 고슬고슬한 밥을 완성해 보세요. 잡곡을 섞어 먹거나 누룽지, 식혜 등 별미 간식으로도 활용할 수 있을 거예요.",,,,
57,https://www.kurly.com/goods/5048580,식품,57,https://img-cf.kurly.com/hdims/resize/%5E%3E720x%3E936/cropcenter/720x936/quality/85/src/shop/data/goods/1609115764700l0.jpg,16brix 고당도 상주 샤인머스캣 1.5kg (박스),15900,-,과일견과쌀,"프리미엄이라는 이름이 무색하지 않도록 컬리가 마지막까지 세심히 엄선한 샤인머스캣을 보여드릴게요. 샤인머스캣 국내 최고 산지인 상주에서 길러낸 샤인 머스캣을 수차례 당도 선별 과정으로 골라낸 후, 16brix 이상의 수치를 보여주는 과실들만 담았어요. 매끈하게 여문 포도알을 깨어 물면 입 안에 달디단 맛이 진하게 번진답니다.",,,,
58,https://www.kurly.com/goods/5031882,식품,58,https://img-cf.kurly.com/hdims/resize/%5E%3E720x%3E936/cropcenter/720x936/quality/85/src/shop/data/goods/1637923286553l0.jpeg,칠레산 생 블루베리 2종 (택1),6990,-,과일견과쌀,"빛을 받은 부분이 반질반질하게 빛나는 짙은 청색의 블루베리. 매력적인 색깔과 새콤달콤한 맛, 작은 몸집에 깃든 풍부한 영양은 블루베리를 다시 보게 만들어요. 특히나 안토시아닌과 비타민이 가득하니 생과로 즐겼을 때 더없이 좋지요. 입안에 넣고 톡 깨물어 드셔보세요. 잘 여문 알에서 부드럽게 터져나오는 블루베리 과즙이 황홀한 시간을 선사할 거예요.",,,,
59,https://www.kurly.com/goods/5070409,식품,59,https://product-image.kurly.com/hdims/resize/%5E%3E720x%3E936/cropcenter/720x936/quality/85/src/product/image/c28c1422-0381-4edd-b561-63c801c3d34c.jpg,달보드레쌀 4kg (25년 햅쌀),23900,-,과일견과쌀,"매일 먹는 밥상을 위한 쌀, 컬리에서 간편하게 담아가 보세요. 혼자서도 가족과도 함께 먹기 좋은 4kg 중량으로 준비했답니다. 취향에 따라 물을 조절해 촉촉하거나 고슬고슬한 밥맛을 완성해 보세요. 잡곡과 섞어 영양과 식감을 더해도 좋고 누룽지, 식혜 등 별미 간식에도 활용할 수 있을 거예요.",,,,
60,https://www.kurly.com/goods/1000763360,식품,60,https://product-image.kurly.com/hdims/resize/%5E%3E720x%3E936/cropcenter/720x936/quality/85/src/product/image/f84a1514-c2a0-4d78-b998-4deffc5e5fb7.jpg,[KF365] 유명산지 샤인머스캣500g,7900,-,과일견과쌀,"향긋함이 가득한 여름의 과일, 샤인머스캣을 KF365로 한층 부담 없이 누려보세요. 국내 각종 산지에서 연둣빛으로 탐스럽게 영근 샤인머스캣을 꼼꼼히 골라 담았어요. 한 알 톡 깨물면 여름의 달디단 맛이 은은하게 번진답니다. 샤인머스캣이 가장 맛있게 여무는 계절, 놓치지 말고 즐겨보세요.",,,,
61,https://www.kurly.com/goods/5029524,식품,61,https://product-image.kurly.com/hdims/resize/%5E%3E720x%3E936/cropcenter/720x936/quality/85/src/product/image/0bdb4032-9df4-4037-8a25-a96a2ceec3d8.jpg,[Sea to Table] 손질 생새우살 200g (냉동) (26/30 사이즈),6990,-,수산해산건어물,"언제나 맛있는 새우이지만, 늘 드는 생각이 하나 있죠. 누군가 새우의 속살만을 쏙 발라내 준다면 얼마나 좋을까? 컬리가 준비한 손질 생새우살은 새우의 껍질과 내장, 꼬리까지 제거돼 세척만 마치면 손질 없이, 누구든 간편하게 즐길 수 있는 상품이에요. 4~5성급 호텔에 식자재로 납품될 정도로 맛과 품질이 우수한데요. 오동통 속살이 탄력 있게 차올라 흐뭇한 웃음을 안겨요. 크기가 꽤 커서 칠리 새우, 새우튀김 등 새우를 메인으로 한 요리에 활용하기도 좋지요. 손질이 번거롭다는 이유로 새우를 멀리하셨다면, 앞으로는 빠르고 자신 있게 요리해보세요. 200g 소분했기에 1~2인 가구라도 부담 없이 즐길 수 있어요.",,,,
62,https://www.kurly.com/goods/1000178672,식품,62,https://product-image.kurly.com/hdims/resize/%5E%3E720x%3E936/cropcenter/720x936/quality/85/src/product/image/031c4ea2-c6b6-456a-a800-713dbdaf47e9.jpg,[연안식당] 꼬막 비빔장 2종 (택1),6250,-,수산해산건어물,"연안식당을 대표하는 메뉴라면 역시 꼬막 비빔밥이죠. 연안식당이 그간의 노하우를 듬뿍 담아, 집에서 간단하게 한 그릇 요리를 완성할 수 있는 꼬막장 2종을 선보입니다. 통통하게 살이 올라 식감이 좋은 새꼬막살에 비법 양념을 더하고요. 각각 알싸한 부추와 향긋한 달래를 더해 완성했어요. 입맛 당기는 요리가 필요한 날, 흰 쌀밥을 그릇에 담고 꼬막 비빔장을 올려주세요. 밥 한 공기가 뚝딱 사라진답니다.",,,,
63,https://www.kurly.com/goods/1000833512,식품,63,https://product-image.kurly.com/hdims/resize/%5E%3E720x%3E936/cropcenter/720x936/quality/85/src/product/image/3007af49-5fb4-49f7-8882-1b28132521fa.jpg,[바다해] 쫄깃 진미채 200g,11900,-,수산해산건어물,바다에서 난 신선한 수산물로 말린 바다해의 진미채예요. 오징어 껍질을 깔끔하게 벗겨낸 덕에 질기지 않고 쫄깃한 식감을 지녔어요.,,,,
64,https://www.kurly.com/goods/1000322462,식품,64,https://product-image.kurly.com/hdims/resize/%5E%3E720x%3E936/cropcenter/720x936/quality/85/src/product/image/618bb417-6148-491a-a46d-6b03836a9f47.jpg,One-Frozen 노르웨이 고등어 3종 (냉동) (택1),9500,-,수산해산건어물,"물이 차갑고 맑은 노르웨이 연안에선 DHA, 오메가-3가 풍부한 고등어가 많이 잡힙니다. 이번에 소개하는 노르웨이 고등어는 현지에서 깨끗하게 손질한 뒤 곧바로 급속으로 얼린 One-Frozen 제품이에요. 고등어 고유의 감칠맛이 손실되는 것을 막기 위해 냉동하는 공정을 일원화하고 냉동 온도도 철저하게 유지했답니다. 살만 남긴 필렛 타입이라 구워 먹긴 또 얼마나 쉽다고요. 노릇노릇하게 구운 고등어의 살을 젓가락으로 집어 보면 탱탱하고, 입에 넣어 맛을 보면 촉촉하지요. 노르웨이에서 우리 곁으로 찾아온, One-Frozen 고등어를 컬리에서 만나 보세요. ",,,,
65,https://www.kurly.com/goods/5052202,식품,65,https://product-image.kurly.com/hdims/resize/%5E%3E720x%3E936/cropcenter/720x936/quality/85/src/product/image/690b52a6-f599-44ea-bf06-06587371f6e8.jpeg?v=0531,[만전김X컬리] 갓구운 만전김 16봉,5790,-,수산해산건어물,"40년이 넘는 세월 동안 고품질의 김을 연구해 온 만전김. 이번에는 컬리와 함께 매일 부담 없이 꺼내 먹을 수 있는 김을 만들었어요. 엄선한 국산 원초를 고온에서 두 번 구워냈답니다. 기름과 소금을 줄여서 담백함이 돋보이고 김 본연의 고소한 풍미가 짙게 전해지니 다른 반찬을 함께 곁들여도 부담되지 않죠. 컬리만의 패키지에 담겨 16봉이 한 세트로 넉넉하게 구성했으니, 외출 시 도시락용으로 휴대하거나 반찬이 부족하다고 느껴질 때 간단하게 식탁에 올려 보세요. ",,,,
66,https://www.kurly.com/goods/5001391,식품,66,https://product-image.kurly.com/hdims/resize/%5E%3E720x%3E936/cropcenter/720x936/quality/85/src/product/image/43f7c83b-f61e-469d-bf40-83cc9d264f93.jpg,[쌜모네키친] 오로라 생연어 2종 (냉장) (택1),14950,-,수산해산건어물,"날것을 잘 먹지 않는 서양인들도 즐겨 먹는 생선회가 있습니다. 바로 연어죠. 탄력 있는 살과 부드러운 지방층의 조화, 비리지 않고 고소한 맛 덕분에 동서양을 막론하고 사랑받는 생선입니다. 와사비 간장이나 굵은 소금에 콕 찍어 고유의 맛을 한껏 음미할 수 있는 연어회, 각종 채소와 양파 등을 함께 무쳐 산뜻하게 입맛을 돋우는 연어 카르파쵸, 구운 바케트 위에 올리브유에 버무린 연어를 듬뿍 얹어 먹는 부르스게타 등 상상만 해도 군침 도는 메뉴를 이젠 집에서도 즐겨보세요. 컬리가 맛과 품질 좋기로 소문난 ‘오로라 생연어’를 준비해왔으니까요. ",,,,
67,https://www.kurly.com/goods/1000762974,식품,67,https://product-image.kurly.com/hdims/resize/%5E%3E720x%3E936/cropcenter/720x936/quality/85/src/product/image/cc57cc5c-273a-4297-822b-736f7f309e26.jpg,[포트'럭] 국산 생물 새우 2종 (택1),14900,-,수산해산건어물,"전라남도 신안에서 온 포트'럭의 신선한 생물 새우를 만나보세요. 신선함만큼 그대로 굽기만 해도 탱글하고 감칠맛 나는 새우살을 즐길 수 있답니다. 1~2인 가구가 즐기기 좋은 500g, 다인 가구가 함께 맛보기 좋은 1kg 중 선택해보세요.",,,,
68,https://www.kurly.com/goods/1000176676,식품,68,https://product-image.kurly.com/hdims/resize/%5E%3E720x%3E936/cropcenter/720x936/quality/85/src/product/image/a0b3861a-d6ad-48fc-b55f-c539779d1105.jpg,[KF365] 국산 손질오징어 300g (냉장),13700,-,수산해산건어물,"모두에게 사랑받는 수산물을 하나 고르자면, 단연 오징어일 텐데요. 이번에는 조리하기 편하도록 깔끔하게 손질한 오징어를 준비했어요. 싱싱한 국산 오징어를 선별해 뼈와 내장을 제거했답니다. 냉장 상태로 보내 드리니, 해동 없이 바로 요리할 수 있다는 장점도 있지요. 부담 없이 사용하기 좋은 양으로 담았으니 매콤달콤한 볶음, 탕, 튀김 등 다채롭게 활용해 보세요.",,,,
69,https://www.kurly.com/goods/1000072295,식품,69,https://product-image.kurly.com/hdims/resize/%5E%3E720x%3E936/cropcenter/720x936/quality/85/src/product/image/4db70aa7-10ab-41ad-8548-0f9a4db30477.jpg?v=0418,[대천김] 곱창 캔김 30g,5500,-,수산해산건어물,"40년 역사를 가진 김 전문 브랜드, 대천김을 만나보세요. 전통 재래 방식으로 만들어 김 고유의 맛과 향이 진한 김을 생산하거든요. 이번에 소개할 상품은 생산량이 한정되어 있어 귀한 김으로 꼽히는 곱창김입니다. 원초가 꼬불꼬불하고 두터워서 오독오독 씹는 식감이 살아있어요. 김 특유의 고소함 뒤에 은은하게 느껴지는 단맛도 곱창김의 특징이랍니다. 튼튼한 캔에 담겨 있어 바삭함을 오래 유지하는 것은 물론, 남은 김을 보관하기도 유용할 거예요.",,,,
70,https://www.kurly.com/goods/1000133880,식품,70,https://product-image.kurly.com/hdims/resize/%5E%3E720x%3E936/cropcenter/720x936/quality/85/src/product/image/6d276631-e7d0-4d17-a978-4b3d97793ce0.jpg,[KF365] 국산 손질 꽃게 2종 (냉동),10900,-,수산해산건어물,"신선하고 맛 좋은 꽃게, KF365를 통해 합리적인 가격으로 만나보세요. 국산 꽃게의 내장과 아가미를 깔끔하게 제거한 후 반으로 잘라 급속 냉동했어요. 그 덕분에 신선함이 유지되고 필요할 때마다 꺼내 쓰기도 간편하답니다. 시원한 국물 맛을 위한 육수부터 해물탕, 찌개, 라면까지 다양한 방법으로 요리해 보세요. 소포장으로 담아 부담 없이 즐길 수 있어 더욱 만족스러울 거예요.",,,,
71,https://www.kurly.com/goods/5156742,식품,71,https://product-image.kurly.com/hdims/resize/%5E%3E720x%3E936/cropcenter/720x936/quality/85/src/product/image/3b416cbf-8d57-44b2-bcc6-e6d6c141160f.jpg,[이연복의 목란] 짬뽕 2인분 (맵기선택),13775,-,간편식밀키트샐러드,"컬리에서 큰 사랑을 받고 있는 목란의 짬뽕, 이제 입맛에 맞게 골라 보세요. 국물이 얼큰한 오리지널과 누구나 부담 없이 즐길 수 있는 마일드까지 두 가지로 준비했답니다. 후루룩 넘어가는 중화면을 넉넉하게 담고, 구수한 국물에는 매콤한 불맛을 더해 한결 든든해요. 해산물과 야채 등 건더기가 실해 집에서 한 끼를 해결하기에도 아쉬움이 없죠. 면을 삶고 국물을 데워 대가의 맛을 즐겨보세요.",,,,
72,https://www.kurly.com/goods/1000811962,식품,72,https://product-image.kurly.com/hdims/resize/%5E%3E720x%3E936/cropcenter/720x936/quality/85/src/product/image/39b48630-0359-4f08-aea3-8193aea1fc52.jpg,[일상식탁] 부산식 얼큰 낙곱새,15120,-,간편식밀키트샐러드,매일의 식사를 특별하게 꾸미는 일상식탁이 부산식 얼큰 낙곱새를 준비했어요. 탱글한 낙지와 새우를 풍성하게 담아 부산의 명물 요리를 그대로 구현했어요. 씹을수록 고소함이 느껴지는 국내산 한우 곱대창도 들어있답니다. 남은 양념에 밥을 비비고 동봉된 김을 부셔 넣어 든든하게 즐겨보세요.,,,,
73,https://www.kurly.com/goods/5050290,식품,73,https://product-image.kurly.com/hdims/resize/%5E%3E720x%3E936/cropcenter/720x936/quality/85/src/product/image/13d061a1-df1f-4e36-a676-03f687036cb1.jpeg?v=0531,[올마레] 춘천 국물 닭갈비 떡볶이,11120,-,간편식밀키트샐러드,"떡볶이에 닭갈비을 넣어 먹는다고 하면 어딘가 어색하게 느껴지지만, 한 번 그 맛을 본 사람은 또 찾을 수밖에 없을 정도로 중독적이라고 하죠. 이번에 컬리는 닭갈비와 떡볶이의 오묘한 조화가 느껴지는 춘천 국물 닭 떡볶이를 소개합니다. 고구마와 양배추를 넣은 닭갈비에 밀떡, 소스를 함께 담은 제품이라 여럿이 든든하게 나누어 먹기 좋아요. 매콤달콤한 국물이 넉넉해 우동이나 라면 등의 사리를 더하기에도 부족함이 없지요. 남은 양념에는 밥을 볶아 맛있게 마무리하세요. ",,,,
74,https://www.kurly.com/goods/1000956905,식품,74,https://product-image.kurly.com/hdims/resize/%5E%3E720x%3E936/cropcenter/720x936/quality/85/src/product/image/608cceae-c9b8-4a82-9beb-71998a42bf0c.jpg,[베키아에누보] 바질토마토치즈 치아바타 샌드위치 (3입),13980,-,간편식밀키트샐러드,-,,,,
75,https://www.kurly.com/goods/5073094,식품,75,https://img-cf.kurly.com/hdims/resize/%5E%3E720x%3E936/cropcenter/720x936/quality/85/src/shop/data/goods/163792233013l0.jpg,[에머이] 소고기 쌀국수 키트 (2인분),12500,-,간편식밀키트샐러드,베트남 현지의 맛을 구현하며 사랑받았던 에머이가 이번에는 간편하게 만들 수 있는 쌀국수 키트를 선보입니다. 특허*받은 쌀면과 진하게 농축된 소스로 에머이 매장의 맛을 잘 구현한 제품이에요. 이번에 소개하는 소고기 쌀국수 키트는 깊고 진한 소고기 육수와 쫄깃한 소고기 고명이 특징이지요. 별도로 해동할 필요 없이 재료를 넣고 한소끔 끓여내기만 하면 손쉽게 완성된답니다. 취향에 따라 고수를 추가하면 현지의 맛을 더욱 진하게 느낄 수 있겠죠. ,,,,
76,https://www.kurly.com/goods/1000765126,식품,76,https://product-image.kurly.com/hdims/resize/%5E%3E720x%3E936/cropcenter/720x936/quality/85/src/product/image/8ac2fba2-1973-485d-b6cb-e5804f9eb1b4.jpg,[제일맞게컬리] 육즙+왕교자 만두 1.01kg,8682,-,간편식밀키트샐러드,CJ제일제당과 컬리가 함께 기획한 제일맞게컬리 육즙+왕교자를 만나 보세요. 한 입 베어물면 입안 가득 퍼지는 촉촉한 육즙이 특징인데요. 국내산 돼지고기를 식감을 살려 굵게 썰고 아낌없이 채워 넣은 것이 비법이랍니다. 쌀가루를 더한 만두피 덕에 구워도 쪄도 맛있으니 취향에 따라 조리해 보세요.,,,,
77,https://www.kurly.com/goods/5060255,식품,77,https://product-image.kurly.com/hdims/resize/%5E%3E720x%3E936/cropcenter/720x936/quality/85/src/product/image/90256eb2-b02f-493a-ab7a-29a8724254e4.jpeg,[이연복의 목란] 짜장면 2인분,8982,-,간편식밀키트샐러드,"중식 요리를 말할 때 절대 빼놓을 수 없는 이름이 있죠. 대가 중의 대가, 이연복 셰프가 운영하는 목란입니다. 목란은 이제 오랜 노하우와 손맛을 가정으로 보내드리고자 해요. 그래서 그 첫 번째로 선보이는 요리는 중식의 기본이 되는 짜장면입니다. 이 제품에는 정석 그대로 뽑은 면, 각종 재료를 큼지막하게 썰어 넉넉하게 담은 짜장 소스가 함께 담겨 있어요. 면을 삶고 소스를 데우기만 하면 대가의 요리 한 그릇을 간단하게 맛볼 수 있죠. 면과 소스를 각각 두 개씩 넣어 드리니 소가족이 가볍게 먹기에도 좋을 거예요. ",,,,
78,https://www.kurly.com/goods/5066426,식품,78,https://product-image.kurly.com/hdims/resize/%5E%3E720x%3E936/cropcenter/720x936/quality/85/src/product/image/5b579290-9541-4b47-b5b4-9b1d0b8c6bf4.jpg,[스윗밸런스] 오늘의 샐러드 10종 (택1),4860,-,간편식밀키트샐러드,"매일 협력 농가에서 공수해오는 신선한 잎채소로 담은 스윗밸런스의 오늘의 샐러드를 만나 보세요. 가볍게 먹기 좋은 부드러운 채소를 엄선했어요. 수십번의 샘플링을 거쳐 완성한 특제 드레싱을 담아 채소의 매력이 더욱 살아날 수 있도록 했고요. 새우, 닭가슴살, 고구마 샐러드 등의 토핑을 얹었으니 영양소를 다양하게 섭취할 수 있을 뿐만 아니라 든든한 한 끼로도 손색이 없을 거예요.",,,,
79,https://www.kurly.com/goods/1000127954,식품,79,https://product-image.kurly.com/hdims/resize/%5E%3E720x%3E936/cropcenter/720x936/quality/85/src/product/image/dd1c0a05-ca1a-4c21-a712-54338f3dbbf2.jpg,[남향푸드또띠아] 간편 브리또 15종 2개입 (택1),6600,-,간편식밀키트샐러드,"브리또는 한국의 김밥만큼이나 속 재료가 다양한 멕시코 요리입니다. 얇고 고소한 또띠아로 속 재료를 둘둘 말아내어 섭취하기에도 편하고, 간단하지만 든든한 한 끼 식사로도 손색이 없는데요. 컬리는 또띠아 전문 기업으로 외길을 걸어온 남향푸드또띠아의 브리또 13종을 준비했어요. 콤비네이션 피자가 쏙 담긴 브리또부터 고소한 매력이 가득한 통밀 브리또까지, 2개씩 담은 상품이라 미리 구비하기도 좋답니다. 바쁜 아침이나 출출한 오후도 이제 걱정 없을 거예요.",,,,
80,https://www.kurly.com/goods/1000308975,식품,80,https://product-image.kurly.com/hdims/resize/%5E%3E720x%3E936/cropcenter/720x936/quality/85/src/product/image/95458f15-1a5a-43c3-963e-38d6282a34be.jpg,[99치킨] 순살 닭강정,8910,-,간편식밀키트샐러드,"합리적인 가격에 푸짐한 양, 훌륭한 맛과 원재료까지 갖춘 99 순살 닭강정을 만나보세요. 국내산 닭고기만 사용한 것은 물론, 윤기가 자르르 흐르는 양념을 흠뻑 입고도 바삭함이 그대로 살아있지요. 고추장과 케첩으로 맛을 낸 매콤 달콤한 양념이라, 남녀노소 누구나 맛있게 즐길 수 있답니다.",,,,
